Nome,Tipo,Num_arquivos_producao,Num_linhas_codigo,Num_endpoints,Num_testes,Fluxo_simples,Tamanho_disco,README_resumo,Dockerfile_base,Conexoes_detectadas,Principais_dependencias,Descricao_simples,Analogia,Endpoints_lista,Runtime,Porta,Chama_apps,Topicos_kafka,Git_branch,Git_ultimo_commit,Git_url
gandalf-bff,Node.js,224,8820,0,909,usa cache Redis,1.8 MB,Gandalf BFF é responsável por fornecer dados transacionais relacionados ao produto Adtech,,Redis,"@opentelemetry/auto-instrumentations-node, @opentelemetry/exporter-trace-otlp-http, @opentelemetry/instrumentation, @opentelemetry/instrumentation-express, @opentelemetry/instrumentation-redis-4, @opentelemetry/resources, @opentelemetry/sdk-node, @opentelemetry/sdk-trace-node, @opentelemetry/semantic-conventions, cors, express, form-data",,,,Node >=24 <25,,,,main,29/07/2026 · Bruno Luis Anjos Soares Da Silva · Merge branch 'feat/PASGA-5382-permitir-outras-abrangencias' into 'main',gitlab@gitlab.globoi.com:adtech/autosservico/adcore/apis/gandalf-bff
legolas-bff,Node.js,413,12009,0,2603,,2.4 MB,O Legolas BFF é responsável por fornecer dados de entrega relacionados ao produto Adtech.,,Redis,"@opentelemetry/auto-instrumentations-node, @opentelemetry/exporter-trace-otlp-http, @opentelemetry/instrumentation, @opentelemetry/instrumentation-redis-4, @opentelemetry/resources, @opentelemetry/sdk-node, @opentelemetry/sdk-trace-node, @opentelemetry/semantic-conventions, @opentelemetry/instrumentation-express, cors, express, http-errors",,,,Node ^18.19.0,,,,develop,02/06/2026 · Mateus Sousa Dos Santos · Merge branch 'work/feature/OGNEG-8019/mapeamento-novs-campos-video-padrao' into 'main',gitlab@gitlab.globoi.com:adtech/autosservico/adcore/apis/legolas-bff
acompanhamento-compra-tv,Java/Maven,170,16552,68,35,recebe requisição REST -> persiste em banco relacional -> usa cache Redis -> chama API externa (Feign),18.1 MB,"Serviço de acompanhamento do pedido de compras do globoads. Faz vinculo com mapa comprado, com mapa definitivo retornado da reserva, com informações de se houve exibição, se houve falha, remanejamento, etc.",docker-hub.artifactory.globoi.com/maven:3.9.9-amazoncorretto-21-alpine -> docker-hub.artifactory.globoi.com/azul/zulu-openjdk-alpine:21.0.9-21.46-jre-headless,"Banco relacional (JDBC/JPA), Feign Client (REST síncrono), Kafka","acompanhamento-compra-tv, spring-boot-starter-parent, spring-cloud-dependencies, aws-java-sdk-bom, spring-boot-starter-web, spring-boot-starter-data-jpa, spring-boot-starter-actuator, spring-boot-starter-validation, httpclient5, springdoc-openapi-starter-webmvc-ui, spring-boot-devtools, spring-boot-starter-test",,,GET /v3/oauth/tokeninfo | GET /sigla?meCliente={sigla} | GET /anunciante/empresas | GET /clientes-by-cnpjs | GET /get-by-nm-instituicao/{nmInstituicao} | GET /cliente-por-oi-cliente/{oiCliente} | GET /get-cliente-by-cpfcnpj/{cnpjCliente} | GET /v2/users | GET /sigla?me_agencia={meAgencia} | GET /usuario/{usuario} | GET /usuario | GET /agencias-por-cnpj | GET /canais-exibicao | GET /canais-praca-exibicao | GET /canais-exibicao/{codigo_canal} | GET /canais-exibicao/codig-jove/{codigo_canal} | POST /comprovante-exibicao/paytv | POST /comprovante-exibicao/paytv/planilha | POST /comprovante-exibicao/unificado | POST /comprovante-exibicao/unificado/planilha | GET /exibidora/sigla-nome/* | GET /exibidora/sigla-nome/{nome} | GET /abrangencias-praca-exibicao | GET /products/{format} | GET /nome-sigla-portal/*?dias_vigencia_passado=5&dias_vigencia_futuro=180 | GET /materiais/{ids} | GET /tracking/order | GET /acompanhamento/tracking-gex/active-orders | GET /acompanhamento/tracking-gex/insertion-counter | GET /acompanhamento/tracking-gex/insertions | GET /application/json/acompanhamento/mapa-definitivo/paytv/itens | GET /application/json/acompanhamento/mapa-definitivo/tvuni/itens | GET /application/json/acompanhamento/mapa-definitivo | GET /application/json/acompanhamento/mapa-definitivo/{oiRp} | GET /application/json/acompanhamento/v2/mapa-definitivo/{oiRp} | GET /application/json/acompanhamento/bundle/mapa-definitivo/{oiRp} | GET /application/json/acompanhamento/mapa-definitivo-by-id/{mapacompraId} | GET /application/json/acompanhamento/pme/mapa-definitivo-by-id/{mapacompraId} | GET /application/json/acompanhamento/mapa-definitivo/comprovante-exibicao | GET /application/json/acompanhamento/mapa-definitivo/idOriginal | GET /application/json/dashboard/indicador/processamento | GET /acompanhamento/comprovante/exibicao/paytv | GET /acompanhamento/comprovante/exibicao/paytv/planilha | GET /acompanhamento/comprovante/exibicao/tvuni | GET /acompanhamento/comprovante/exibicao/tvuni/planilha | GET /application/json/acompanhamento/mapa-definitivo/itens | GET /application/json/dashboard/indicador/pendente | GET /application/json/dashboard/indicador/falha | GET /application/json/dashboard/indicador/titulo | GET /application/json/acompanhamento/mapa-definitivo/insercoes/pendencia-encaixe | GET /application/json/acompanhamento/mapa-definitivo/insercoes/falhas | GET /application/json/acompanhamento/mapa-defintivo/item/validar-encaixe-gex | GET /acompanhamento/multiplataforma/insercoes,Java 21 · Spring Boot 3.5.5,8888,"tokenClient, cliente, onboarding, agencia, empresa, report-gen, tvg-empresa, iLayerCatalogClient, tvg-programa, materiais, globoExpress",,merge/main/refactor/pasac-4492-configure-logback,21/08/2026 · Ana Carolina de Jesus · feat(logging): update logback configuration and enhance README for local logging setup,gitlab@gitlab.globoi.com:adtech/autosservico/adcore/apis/globo-ads/acompanhamento-compra-tv
admin-globosim,Java/Maven,44,2225,13,66,recebe requisição REST -> persiste em banco relacional -> chama API externa (Feign) -> chama API externa (RestTemplate) -> envia/lê arquivo (Cloud Storage),17.6 MB,Serviço responsável pelo back-end das telas administrativas do GloboSIM.,docker-hub.artifactory.globoi.com/maven:3.9.9-amazoncorretto-21-alpine -> docker-hub.artifactory.globoi.com/azul/zulu-openjdk-alpine:21.0.9-21.46-jre-headless,"Banco relacional (JDBC/JPA), Cloud Storage (GCS), Feign Client (REST síncrono), Kafka, RestTemplate (REST síncrono)","spring-boot-starter-parent, admin-globosim, logback-classic, logback-core, logstash-logback-encoder, commons-fileupload, spring-boot-starter-actuator, spring-boot-starter-web, spring-boot-starter-data-jpa, spring-boot-starter-validation, spring-boot-starter-oauth2-resource-server, mysql-connector-j",,,GET /programa/{exibidora} | POST /programa/upload-logo | PUT /programa/atualiza-nome | POST /users | PUT /users/reset | GET /users | POST /dashboard-gsim | GET /programas/{exibidora} | POST /oauth/send-sms-temp-password | PUT /oauth/reset-pass-send-sms,Java 21 · Spring Boot 3.5.15,8888,"OnboardClient, ProgramaClient, login",,main,20/08/2026 · Abner Andrade · Merge branch 'merge/main/refactor/pasac-4509-storage-arch-improvement' into 'main',gitlab@gitlab.globoi.com:adtech/autosservico/adcore/apis/globo-sim/admin-globosim
afinacao,Java/Maven,64,2945,11,63,recebe requisição REST -> persiste em banco relacional -> chama API externa (Feign),20.8 MB,"Faz carga dos dados recebidos do time afinação. Quando arquivo é colocado no bucket, o serviço recebe requisição via lambda para processar gravações.",docker-hub.artifactory.globoi.com/maven:3.9.9-amazoncorretto-21-alpine -> docker-hub.artifactory.globoi.com/azul/zulu-openjdk-alpine:21.0.9-21.46-jre-headless,"Banco relacional (JDBC/JPA), Feign Client (REST síncrono), Kafka, Pub/Sub (GCP)","spring-boot-starter-parent, afinacao, spring-boot-starter-actuator, spring-boot-starter-data-jpa, spring-boot-starter-web, spring-cloud-starter-openfeign, spring-boot-starter-validation, spring-boot-devtools, mysql-connector-j, spring-boot-starter-test, commons-lang3, springdoc-openapi-starter-webmvc-ui",,,POST /v2/importacao-dados/copiar-dados-afinacao/{nome} | GET /by-oi-instituicao/{oiInst} | GET /cli-age-data/{oiCliente}/{oiAgencia} | GET /v1/playlist/slots | GET /materiais/infos-material-globoapp/{cdMaterial} | POST /{tenantId}/oauth2/token | GET /{tenantId}/v1/remote-configs/group/BACKEND/scope/AFINACAO | GET /importacao-dados/obter-copias-afinacao | POST /importacao-dados/copiar-dados-afinacao/{nome},Java 21 · Spring Boot 3.5.10,8888,"clients, grid, manutencaorp, azure.oauth, remote-config-api",,merge/main/refactor/pasac-4492-configure-logback,20/08/2026 · Ana Carolina de Jesus · refactor: update .gitignore for Visual Studio Code settings and improve file handling,gitlab@gitlab.globoi.com:adtech/autosservico/adcore/apis/globo-ads/afinacao
agency-order-tv,Java/Maven,435,35128,137,639,recebe requisição REST -> consome Kafka -> consome Pub/Sub -> persiste em banco relacional -> usa cache Redis -> chama API externa (Feign) -> chama API externa (RestTemplate) -> publica no Kafka -> publica no Pub/Sub,4.0 MB,Serviço principal do Globoads. Criação e gestão de pedidos.,docker-hub.artifactory.globoi.com/maven:3.9.9-amazoncorretto-21-alpine -> docker-hub.artifactory.globoi.com/azul/zulu-openjdk-alpine:21.0.9-21.46-jre-headless,"Banco relacional (JDBC/JPA), Feign Client (REST síncrono), Kafka, Pub/Sub (GCP), Redis, RestTemplate (REST síncrono)","agency-order-tv, spring-boot-starter-parent, spring-cloud-dependencies, spring-cloud-gcp-dependencies, aws-java-sdk-bom, spring-boot-starter-actuator, spring-boot-starter-web, spring-cloud-gcp-starter-pubsub, spring-boot-starter-jdbc, spring-boot-starter-web-services, httpclient, springdoc-openapi-starter-webmvc-ui",,,GET /rp | GET /v2/balance-control?accountId={idExterno}&businessType={type}&showOverflow=false&showExpired=false | GET /v2/balance-control/by-id | GET /executivo | GET /materiais/{codigo} | GET /materiais/materiais-exibidora/{codigo}/{exibidora} | GET /contact-code | GET /api/v1/sigla?me_agencia={meAgencia} | GET /api/v2/agencias-por-cnpj | GET /api/v1/usuario/{usuario} | GET /api/v1/usuario | GET /api/v1/agencia/{meAgencia}/filial/{filialAgencia} | POST /external/v2/price-list-sf | POST /internal/v2/price-list-sf | GET /v2/precos | GET /canais-exibicao | GET /faixas-horarias/{idFaixa}?legado=false | GET /api/v1/configprod/obterconfiguracoessf | GET /exibidora/sigla-nome/{exibidora} | GET /exibidoras | GET /canais-praca-exibicao | GET /canais-exibicao/{codigo_canal} | GET /canais-exibicao/codig-jove/{codigo_canal} | GET /v2/users | GET /userdata-access/by-nm-user/{nmUser} | GET /ponto-venda/auto | GET /nome-sigla/{mePrograma} | GET /giro?name=Globo Impacto&canalVenda=GloboADS | GET /tvaberta | GET /paytv | GET /api/v1/servicecontact/getservicecontactbyname | POST / | GET /api/v1/reserve/thereisrpfromrequest | POST /buyOrder | GET /taxa-pagamento | GET /cabeca-de-rede | GET /compras/opcoes-parcelamento | GET /validacao-compra-externa/cobertura | GET /backoffice/exibidoras/{codigoExibidora} | GET /products/bundle | GET /products/{format} | POST /transaction | GET /sigla?meCliente={sigla} | GET /anunciante/empresas | GET /clientes-by-cnpjs | GET /getby_cpfcnpj/{cnpj} | GET /get-cliente-by-cpfcnpj/{cnpj} | GET /api/contact | GET /recipients/owners | POST /Order | GET /acompanhamento/mapa-compra/comprados | GET /acompanhamento/mapa-compra/nao-comprados | GET /acompanhamento/mapa-compra/erros | GET /acompanhamento/mapa-compra/itens | GET /acompanhamento/mapa-compra/gex/{pedidoGexId} | POST /proxy/price-list | POST /mapa-compra/application/json | GET /mapa-compra/status/{taskId} | GET /mapa-compra/salvos | GET /mapa-compra/salvos-por-data | POST /mapa-compra/comprar | POST /mapa-compra/comprar-todos | POST /mapa-compra/comprar/bundle | POST /mapa-compra/compra/reenviar/pedidoGex/{pedidoGexId} | DELETE /mapa-compra/deletar/{id} | GET /mapa-compra/comprovante/{id} | GET /mapa-compra/{id} | GET /mapa-compra/relatorios/pi/{id} | GET /mapa-compra/salvo/itens | GET /mapa-compra/falhas/retentar/{falha_id} | GET /mapa-compra/falhas | GET /mapa-compra/listar-gex | GET /mapa-compra/mapas-validos | POST /mapa-compra/rotina/mapas-nao-sincronizados | GET /mapa-compra/products/bundle | GET /order-impacto/catalog | GET /order-impacto/catalog/paytv | POST /order-impacto/create | POST /order-impacto/callback | GET /order-impacto/list | GET /order-impacto/orders-by-user | GET /order-impacto/config/product | GET /feriado | GET /feriado/{data} | GET /feriado/proximo-util/{data} | POST /mapa-compra/amplificado/checkout | POST /mapa-compra/amplificado/validate-reference | GET /mapa-compra/amplificado/comprados | GET /mapa-compra/amplificado/nao-comprados | GET /mapa-compra/amplificado/resumo/{mapaId} | POST /mapa-compra/manual | PUT /mapa-compra/manual | GET /mapa-compra/manual/verificarDuplicidade | POST /mapa-compra-gex | GET /mapa-compra-gex | GET /mapa-compra-gex/teste | GET /mapa-compra-gex/oiRp | GET /mapa-compra-gex/dias-gex | GET /mapa-compra-gex/feriados | POST /mapa-compra/saldo-contrato | POST /mapa-compra/saldo-contrato/salvar-saldo-contratoSF/{ids}&{saldoContratoId} | PUT /mapa-compra/saldo-contrato | GET /mapa-compra/saldo-contrato/{id} | GET /mapa-compra/saldo-contrato/getByMapa | GET /mapa-compra/saldo-contrato/getSaldoContratoSF | GET /mapa-compra/saldo-contrato/getByMapas | DELETE /mapa-compra/saldo-contrato/{id} | POST /bundle/checkout | GET /mapa-compra/amplified-commercial/programs | POST /mapa-compra/pay-tv | POST /mapa-compra/pay-tv/comprar | PUT /mapa-compra/pay-tv/manual | POST /mapa-compra/pagamento | GET /order-impacto/v2/catalog | GET /order-impacto/v2/catalog/paytv | POST /order-impacto/v2/create | POST /order-impacto/v2/retry/{id} | POST /tvg-compra-tv/external/order-impacto/create,Java 21 · Spring Boot 3.5.14,8888,"reserva-rp, saldoContratoSF, executiveClientAgency, manutencaoRp, executiveClient, agencia, tabelapreco, tabelaPrecoV2, siscom-tv-unificada, giroservice, empresa, onboard, valida-compra, programa, product-catalog, contactcadservice, reservaserviceauth, reservarpservice, multiplatform-order, simuladorClient, ILayerCatalogClient, pagamentoClient, cliente, salesforce, dashboard, globo-express","consome: ${message.topic.name.compra.pendente.retry}, ${message.topic.name.compra.pendente}, ${topic.mapacompracreate.name}, ${topic.multiplatform-order.callback.name}",main,10/08/2026 · ricardo.perez · Merge branch 'merge/main/PASGA-5508-monitor-retentar-gi-prod' into 'main',gitlab@gitlab.globoi.com:adtech/autosservico/adcore/apis/globo-ads/agency-order-tv
antecipa,Java/Maven,381,22244,134,772,recebe requisição REST -> persiste em banco relacional -> usa cache Redis -> chama API externa (Feign) -> chama API externa (RestTemplate) -> publica no Pub/Sub,39.7 MB,Api de notificação de oportunidades e gerenciamento de dados do Antecipa.,docker-hub.artifactory.globoi.com/maven:3.9.9-amazoncorretto-21-alpine -> docker-hub.artifactory.globoi.com/azul/zulu-openjdk-alpine:21.0.9-21.46-jre-headless,"Banco relacional (JDBC/JPA), Feign Client (REST síncrono), Kafka, Pub/Sub (GCP), RestTemplate (REST síncrono)","spring-boot-starter-parent, antecipa, spring-boot-starter-actuator, spring-boot-starter-data-jpa, spring-boot-starter-web, spring-cloud-starter-openfeign, spring-boot-devtools, mysql-connector-j, liquibase-core, spring-boot-starter-test, junit-platform-suite-engine, spring-boot-starter-validation",,,GET /v3/oauth/tokeninfo | POST /auth | GET /player | POST /send | POST /token | GET /ciam/users | GET /siscom/users | GET /cpf-cnpj/{cnpj} | GET /get-cliente-by-cpfcnpj/{cpfcnpj} | GET /clientes-por-oi-cliente/{oicliente} | GET /get-by-nm-instituicao/{nmInstituicao} | GET /materiais/infos-material-globoapp/{cdMaterial} | GET /contact?cnpj={cnpjCliente} | GET /contact?email={emailCliente} | GET /agencias-por-oicliente/{oicliente} | GET /clientes-por-oiagencia/{oiagencia} | GET /usuario/{usuario} | GET /agencias | POST /sn_sc/servicecatalog/items/${api.service-now.sys-id}/submit_producer | POST /classificacao | GET /notificacoes-antecipa/buscar-por-usuario | GET /aceite-termo/termo-ativo | GET /aceite-termo/aceite | POST /aceite-termo/aceitar | POST /infos-usuario/anunciante | POST /infos-usuario/agencia | GET /notificacoes-merchanplay/buscar-por-usuario | GET /notificacoes-merchanplay/buscar-por-usuario-e-oi-agencia | POST /notificacoes-merchanplay/importacao/copiar-dados-merchanplay/{nomeArquivo} | GET /notificacoes-oportunidades/buscar-por-usuario | GET /notificacoes-oportunidades/buscar-por-agencia-cliente | GET /notificacoes-oportunidades/buscar-contatos-agencia-cliente | POST /notificacoes-oportunidades/enviar | GET /notificacoes-oportunidades/preSignedUrlVideo | POST /notificacoes-oportunidades/integracao/enviar | GET /test/validate-logs | GET /acao-merchanplay | POST /perfil/silenciar-notificacoes | POST /perfil/desativar-cliente-agencia-oiCliente | POST /perfil/sincronizar-por-cliente-agencia | GET /perfil/buscar-cliente-por-usuario-e-oiCliente | GET /perfil/buscar-agencia-por-usuario-e-oiAgencia | GET /usuario/obter-usuario | POST /usuario/atualiza-token-notificacao | POST /usuario/cadastrar | POST /usuario/globo/importar/cliente | GET /sigla?me_agencia={meAgencia} | GET /usuario | GET /agencia/{meAgencia}/filial/{filialAgencia} | GET /precos | GET /precos/abrangencias | POST /airship/tags | GET /airship/tags | GET /{tenantId}/v1/remote-configs/group/BACKEND/scope/ANTECIPA | POST /v1/notificar | POST / | GET /sigla?meCliente={sigla} | GET /anunciante/empresas | GET /get-cliente-by-cpfcnpj/{cnpjCliente} | GET /get-by-oi-agencia/{oiAgencia} | GET /v3/siscom/users | GET /v3/ciam/siscom/users | GET /users/{usuario}/info | GET /v2/users | GET /v2/users/{username}/info | POST /tags | GET /tags | DELETE /tags/{group}/{tag} | GET /v2/notificacoes-antecipa/buscar-por-usuario-e-oi-agencia | GET /v2/notificacoes-antecipa | POST /v2/notificacoes-antecipa | GET /v2/notificacoes-antecipa/pre-signed-url | GET /v2/infos-usuario/anunciante | GET /v2/infos-usuario/agencia | GET /v2/notificacoes-merchanplay | GET /v2/notificacoes-oportunidades/buscar-por-usuario-e-oi-agencia | GET /v2/notificacoes-oportunidades | GET /v2/perfil/buscar-cliente-por-usuario-e-oiAgencia | GET /v2/perfil/buscar-agencia-por-usuario-e-oiCliente | GET /v2/videolib/material-tradicional/{codigoVideo} | GET /v2/videolib/chamada/{codigoVideo} | GET /v1/clientes-por-oiagencia/{oiAgencia} | GET /v1/agencias | GET /v1/clientes-credenciados/{cnpjAgencia}:{emailUsuario} | GET /v1/clientes/get-by-oi-agencia/{oiAgencia} | GET /v1/clientes/get-cliente-details-by-oi-cliente/{oiCliente} | GET /v1/clientes/clientes | GET /v2/agencia/{oiAgencia}/detalhes | PATCH /v4/perfil/notificacoes/agencias/{oiAgencia} | PATCH /v4/perfil/notificacoes/clientes/{oiCliente} | PATCH /v4/perfil/notificacoes/agencias/{oiAgencia}/clientes/{oiCliente} | POST /v4/perfil/notificacoes/ligar | POST /v4/perfil/notificacoes/desligar | GET /v4/perfil/notificacoes/agencias | GET /v4/perfil/notificacoes/clientes | PUT /v4/perfil/notificacoes/configurar | GET /v4/dados/agencias | GET /v4/dados/clientes | GET /v3/notificacoes/antecipa | GET /v3/notificacoes/antecipa/{idNotificacao} | POST /v3/perfil/{usuario}/clientes | PATCH /v3/perfil/{usuario}/clientes | PATCH /v3/perfil/{usuario}/clientes/{idUsuarioAgenciaCliente} | GET /v3/perfil/{usuario}/clientes | GET /v3/perfil | POST /v3/perfil | GET /v3/perfil/{usuario}/empresa | GET /v3/perfil/{usuario}/usuario | GET /v3/exibidoras,Java 21 · Spring Boot 3.5.13,8888,"token, videoUrl, pushNotification, crm.auth, ciamClient, clients, materialProvisorio, amap.client, clienteAgencia, serviceNowClient, classificacaoProdutosClient, agencia, tabelapreco, tvg-push-client, legolas, telegram, orclient, cliente, login, onboarding, agencyHttpClientV1, clientHttpClient, agencyHttpClientV2",,main,08/09/2026 · Ana Carolina De Jesus Fonseca Cardoso · Merge branch 'merge/main/refactor/pasac-4368-unit-tests' into 'main',gitlab@gitlab.globoi.com:adtech/autosservico/adcore/apis/globo-ads/antecipa
antifraude-api,Java/Maven,85,3179,21,54,recebe requisição REST -> consome Kafka -> persiste em banco relacional -> chama API externa (Feign) -> publica no Kafka,255.3 KB,API para centralizar integrações que controlam processo antifraude entre aplicações Globo e terceiros.,docker-hub.artifactory.globoi.com/maven:3.9.9-amazoncorretto-21-alpine -> docker-hub.artifactory.globoi.com/azul/zulu-openjdk-alpine:21.0.9-21.46-jre-headless,"Banco relacional (JDBC/JPA), Feign Client (REST síncrono), Kafka","spring-boot-starter-parent, antifraude-api, spring-boot-starter-data-jpa, spring-boot-starter-actuator, micrometer-registry-prometheus, aspectjweaver, spring-boot-starter-web, spring-kafka, spring-boot-devtools, spring-boot-starter-oauth2-resource-server, spring-boot-starter-oauth2-client, spring-cloud-starter-openfeign",,,POST /cadastro/validacao | PUT /cadastro/validacao/sms-answered | PUT /cadastro/validacao/telefone | GET /cadastro/faturamento/{cnpj} | POST /cadastro/validacao/cpf | POST /cadastro/validacao/biometria | POST /cadastro/validacao/qsa | POST /cadastro/validacao/simple-cpf | GET /cadastro/{cnpj}/endereco | POST /stoneage/callback | POST /api/v2/token | POST /api/v2/Script/Run | POST /api/v2/Script/RunAsync | POST /api/Script/Run | PUT /users/{username}/disable,Java 21 · Spring Boot 3.5.11,8888,"StoneageAuthClient, StoneageClient, OnboardClient",consome: ${kafka.topic.solicitacao.antifraude.name},merge/main/refactor/pasac-4262-dockerfile-standardization,03/07/2026 · Ana Carolina de Jesus · refactor: standardize Dockerfile COPY commands,https://gitlab.globoi.com/adtech/autosservico/adcore/apis/globo-ads/antifraude-api
autorizacao-faturamento,Java/Maven,55,5349,9,126,recebe requisição REST -> persiste em banco relacional -> usa cache Redis -> chama API externa (Feign),41.1 MB,Serviço para operações de autorização de faturamento dos RPs.,docker-hub.artifactory.globoi.com/maven:3.9.9-amazoncorretto-21-alpine -> docker-hub.artifactory.globoi.com/azul/zulu-openjdk-alpine:21.0.9-21.46-jre-headless,"Banco relacional (JDBC/JPA), Feign Client (REST síncrono), Kafka","autorizacao-faturamento, spring-boot-starter-parent, spring-boot-starter-actuator, spring-boot-starter-web, spring-boot-starter-validation, spring-boot-devtools, spring-boot-starter-test, spring-ws-core, spring-boot-starter-web-services, httpclient, spring-ws-support, spring-boot-starter-data-jpa",,,GET /v2/users/tokeninfo | GET /anunciante/empresas | GET /sigla?me_agencia={meAgencia} | GET /usuario | POST /pedidos/autorizar | GET /pedidos | GET /pedidos/{cdRp} | GET /pedidos/indicadores/pendente,Java 21 · Spring Boot 3.5.14,8888,"onboard, customerClient, agencia",,main,10/09/2026 · Ana Carolina De Jesus Fonseca Cardoso · Merge branch 'merge/main/refactor/pasac-4606-configure-logback' into 'main',gitlab@gitlab.globoi.com:adtech/autosservico/adcore/apis/globo-ads/autorizacao-faturamento
checkout,Java/Gradle,36,1352,13,12,recebe requisição REST -> persiste em banco relacional -> usa cache Redis -> chama API externa (Feign),32.4 MB,"API que gerencia o carrinho de compra do GloboAds, integrando com Login/Agências/Clientes e enviando o pedido fechado para Inside Sales.",azul/zulu-openjdk-alpine:17.0.0-jre-headless,"Banco relacional (JDBC/JPA), Feign Client (REST síncrono), Redis","org.springframework.boot:spring-boot-starter-actuator, org.springframework.boot:spring-boot-starter-data-redis, org.springframework.boot:spring-boot-starter-web, org.springframework.boot:spring-boot-starter-data-jpa, org.springframework.boot:spring-boot-configuration-processor, org.springframework.cloud:spring-cloud-starter-openfeign, org.projectlombok:lombok, org.springframework.boot:spring-boot-devtools, io.micrometer:micrometer-registry-prometheus, org.projectlombok:lombok, org.springframework.boot:spring-boot-starter-test, org.springframework.data:spring-data-releasetrain",,,GET /v3/oauth/tokeninfo | POST /order/checkout | GET /api/v1/usuario | GET /api/v1/cpfcnpj/{cnpj} | GET /api/v1/clientes/get-by-nm-instituicao/{nm} | GET /api/v1/clientes/getby_cpfcnpj/{cnpj} | GET /api/v1/clientes/anunciante/empresas | GET /api/v1/clientes/get-cnpjs-by-me-client/{meCliente} | GET /buscar | GET /purchased | PUT /content | POST /finish | DELETE /delete,Spring Boot 2.5.5,8888,"login, InsideSalesClient, agency, cliente",,main,28/08/2025 · Abner Andrade · Merge branch 'merge/prd/build/pasac-3536-update-building' into 'main',https://gitlab.globoi.com/adtech/autosservico/adcore/apis/globo-ads/checkout
checkout-v2,Java/Maven,88,4230,15,87,recebe requisição REST -> persiste no MongoDB -> chama API externa (Feign),340.2 KB,"Este projeto foi desenvolvido para gerenciar o carrinho de compras e orquestrar o processamento de itens para a plataforma GloboAds, atendendo às necessidades específicas dos times de GAA e PME. A arquitetura do sistema foi construída utilizando os conceitos de **Domain-Driven Design (DDD)**, garantindo uma modelagem expressiva das regras de negócio e uma separação clara entre operações de escrita",docker-hub.artifactory.globoi.com/maven:3.9.9-amazoncorretto-21-alpine -> docker-hub.artifactory.globoi.com/azul/zulu-openjdk-alpine:21.0.9-21.46-jre-headless,"Feign Client (REST síncrono), MongoDB","spring-boot-starter-parent, globoads.checkout, spring-boot-starter-actuator, spring-boot-starter-data-mongodb, spring-boot-starter-validation, spring-boot-starter-web, spring-boot-devtools, lombok, spring-boot-starter-test, springdoc-openapi-starter-webmvc-ui, spring-cloud-starter-openfeign, javafaker",,,GET /api/v1/usuario | GET /api/v1/clientes-credenciados/{usuario_agencia} | POST /mapa-compra/bundle-amplificado/checkout | POST /bundle/checkout | POST /mapa-compra/amplificado/checkout | GET /v2/users/tokeninfo | POST /globoads-digital-api/impressions/orders/checkout | GET /api/v1/clientes/anunciante/empresas | PUT /v2/shopping-cart/products | GET /v2/shopping-cart | POST /v2/shopping-cart/checkout | PUT /external/v1/shopping-cart/products | GET /external/v1/shopping-cart | PUT /external/v1/no-user/shopping-cart/products | GET /external/v1/no-user/shopping-cart,Java 21 · Spring Boot 3.5.11,${PORT},"AgencyClient, bundleClient, amplifiedCommercialClient, OnboardClient, impressionService, CustomerClient",,main,14/05/2026 · Joao Paulo Marques Elesbao · Merge branch 'feat/mpec-112/adicionado-id-impression' into 'main',gitlab@gitlab.globoi.com:adtech/autosservico/adcore/apis/globo-ads/checkout-v2
consumer-reserva,Java/Maven,94,11172,2,81,recebe requisição REST -> consome Kafka -> consome Pub/Sub -> persiste em banco relacional -> chama API externa (Feign) -> chama API externa (RestTemplate) -> publica no Kafka -> publica no Pub/Sub,21.8 MB,Serviço de sincronismo de compras Globoads/Siscom para popular tabelas de mapa definitivos comprados pelas agências,docker-hub.artifactory.globoi.com/maven:3.9.9-amazoncorretto-21-alpine -> docker-hub.artifactory.globoi.com/azul/zulu-openjdk-alpine:21.0.9-21.46-jre-headless,"Banco relacional (JDBC/JPA), Feign Client (REST síncrono), Kafka, Pub/Sub (GCP), RestTemplate (REST síncrono)","consumer-reservas, spring-boot-starter-parent, spring-cloud-dependencies, spring-cloud-gcp-dependencies, spring-boot-starter-actuator, spring-boot-starter-web, jackson-databind, spring-kafka, spring-boot-starter-data-jpa, ojdbc8, simplefan, ons",,,GET /pedido | GET /authentication/requestservicetoken,Java 21 · Spring Boot 3.5.11,8888,"compraGiroWebService, globoAuthWebService",consome: ${message.topic.name.azuresb-midiamais-opportunities},merge/main/refactor/pasac-4262-dockerfile-standardization,29/06/2026 · Ana Carolina de Jesus · refactor(docker): standardize Dockerfile and update JDK version to 21,gitlab@gitlab.globoi.com:adtech/autosservico/adcore/apis/globo-ads/consumer-reserva
creative-sender,Java/Maven,157,8361,39,128,recebe requisição REST -> persiste em banco relacional -> chama API externa (Feign) -> envia/lê arquivo (Cloud Storage) -> publica no Pub/Sub,17.9 MB,"API responsável por integrar com a API do Fácil e centralização dos criativos de Digital, utilizados pelos canais de venda.",docker-hub.artifactory.globoi.com/maven:3.9.9-amazoncorretto-21-alpine -> docker-hub.artifactory.globoi.com/azul/zulu-openjdk-alpine:21.0.9-21.46-jre-headless,"Banco relacional (JDBC/JPA), Cloud Storage (GCS), Feign Client (REST síncrono), Kafka, Pub/Sub (GCP)","spring-boot-starter-parent, creativer-sender, spring-boot-starter, spring-boot-starter-data-jpa, spring-boot-starter-actuator, spring-boot-starter-web, spring-kafka, spring-kafka-test, mysql-connector-j, spring-cloud-starter-openfeign, springdoc-openapi-starter-webmvc-ui, h2",,,GET /upload/pre-sign-url/{fileName} | POST /facil/postback | POST /facil/postback/validacao-conteudo | POST /facil/postback/revalidar | POST /criativos/validacao | POST /criativos/upload | POST /criativos/upload/base-64 | GET /formatos/filtro | GET /formatos | GET /v2/creatives/{requestId} | GET /v2/creatives/paginated | GET /v2/creatives | POST /v2/creatives | PUT /v2/creatives | POST /v2/creatives/zip/content | PUT /v2/creatives/zip | GET /v2/creatives/zip/content/{id} | POST /v2/creatives/delete | GET /v2/creatives/{id}/events | GET /v2/creatives/external/{id}/events | POST /v2/creatives/associate-campaign | PUT /v2/creatives/campaign/creative-replacement | GET /v2/creatives/format | GET /v2/users/{username}/info | GET /v2/users | POST /campanhas/associar-criativos | PUT /campanhas/substituicao-criativo | GET /api/v1/usuario | GET /api/v1/clientes/getby_cpfcnpj/{cnpj} | GET /api/v1/clientes/anunciante/empresas | POST /integracao/criativo | POST /criativo/associar-order | POST /email | POST /token,Java 21 · Spring Boot 3.5.5,8888,"onboarding, digital-api, AgencyClient, cliente, facilClient, emailClient, facilAuthenticationClient",,main,18/09/2026 · Railson Da Silva Martins · Merge branch 'hotfix/callback-fallback-by-url' into 'main',gitlab@gitlab.globoi.com:adtech/autosservico/adcore/apis/globo-ads/creative-sender
cross-selling-api,Java/Maven,42,1457,12,14,recebe requisição REST -> persiste em banco relacional -> chama API externa (Feign),17.5 MB,Verifica ofertas definidas para o usuário para compra GloboImpacto.,docker-hub.artifactory.globoi.com/maven:3.9.9-amazoncorretto-21-alpine -> docker-hub.artifactory.globoi.com/azul/zulu-openjdk-alpine:21.0.9-21.46-jre-headless,"Banco relacional (JDBC/JPA), Feign Client (REST síncrono)","spring-boot-starter-parent, cross-selling, spring-boot-starter-actuator, spring-boot-starter-data-jpa, spring-boot-starter-web, spring-boot-devtools, mysql-connector-j, lombok, spring-boot-starter-test, java-jwt, spring-cloud-starter-openfeign, springdoc-openapi-starter-webmvc-ui",,,GET /offer | POST /offer/{idOffer}/accept | GET /offer-type | GET /v3/oauth/tokeninfo | GET /v2/users/tokeninfo | GET /api/v1/usuario | GET /anunciante/empresas | GET /api/v1/clientes/clientes-by-cnpjs | GET /api/v1/clientes/getby_cpfcnpj/{cnpj} | GET /orders-by-user,Java 21 · Spring Boot 3.5.10,8888,"login, onboard, agency, cliente, order-impacto",,merge/main/refactor/pasac-4262-dockerfile-standardization,01/07/2026 · Ana Carolina de Jesus · chore: standardize Dockerfile and improve build process,gitlab@gitlab.globoi.com:adtech/autosservico/adcore/apis/globo-ads/cross-selling-api
dashboard-affiliates,Java/Maven,154,7459,30,39,recebe requisição REST -> consome Kafka -> persiste em banco relacional -> chama API externa (Feign),17.7 MB,Serviço de dashboard para as exibidoras afiliadas visualizarem transações dos clientes longtail.,docker-hub.artifactory.globoi.com/maven:3.9.9-amazoncorretto-21-alpine -> docker-hub.artifactory.globoi.com/azul/zulu-openjdk-alpine:21.0.9-21.46-jre-headless,"Banco relacional (JDBC/JPA), Feign Client (REST síncrono), Kafka","spring-boot-starter-parent, dashboard-affiliates, spring-boot-starter-actuator, spring-boot-starter-data-jpa, spring-boot-starter-web, spring-boot-starter-validation, spring-cloud-starter-openfeign, spring-kafka, spring-boot-devtools, h2, postgresql, lombok",,,GET /recipients/owners | POST /recipients | GET /recipients/{uuid} | GET /recipients | GET /recipients/{uuid}/balance | GET /recipients/{uuid}/bankaccounts | POST /recipients/{uuid}/bankaccount | POST /recipients/{uuid}/anticipations | GET /recipients/{uuid}/anticipations/limits | GET /recipients/{uuid}/anticipations | PUT /recipients/{uuid}/anticipations/{anticipationId} | POST /recipients/{uuid}/anticipations/{anticipationId}/confirm | GET /recipients/{uuid}/customer-transactions | DELETE /recipients/{uuid}/anticipations/{anticipationId} | POST /recipients/withdraw | GET /customer-transactions/{id} | GET /customer-transactions/{id}/timeline | POST /customer-transactions/{id}/refund | GET /customer-transactions/transaction/{transaction_id} | GET /v1/charge/cancel-by-order/{orderProviderId} | GET /recipients/{recipientId} | PUT /recipients/{recipientId} | PATCH /recipients/{recipientId}/default-bank-account | POST /recipients/{recipientId}/withdrawals | GET /recipients/{recipientId}/balance | GET /orders/{orderId} | GET /payables,Java 21 · Spring Boot 3.5.10,8081,"paymentClient, pagarMeV5Client","consome: ${kafka.topic.name.transaction-event}, ${message.topic.name.payment-event}, ${message.topic.name.campanha-finalizada}",main,17/06/2026 · Djeymisson Moraes · Merge branch 'hotfix/legacy-transaction-status' into 'main',https://gitlab.globoi.com/adtech/autosservico/adcore/apis/globo-sim/dashboard-affiliates
disponibilidade-tv,Java/Maven,9,447,1,16,recebe requisição REST -> chama API externa (RestTemplate),27.1 MB,Microsserviço de consulta de disponibilidade para veiculações.,docker-hub.artifactory.globoi.com/maven:3.9.9-amazoncorretto-21-alpine -> docker-hub.artifactory.globoi.com/azul/zulu-openjdk-alpine:21.0.9-21.46-jre-headless,"Banco relacional (JDBC/JPA), Kafka, RestTemplate (REST síncrono)","disponibilidade-tv, spring-boot-starter-parent, spring-boot-starter-web, spring-boot-starter-data-jpa, spring-boot-devtools, spring-boot-starter-test, ojdbc11, httpclient, spring-boot-starter-actuator, springdoc-openapi-starter-webmvc-ui, aspectjweaver, junit",,,GET /consulta,Java 21 · Spring Boot 3.5.10,8888,,,merge/main/refactor/4374-unit-tests,16/09/2026 · Ana Carolina de Jesus · refactor(ci): add botx-webhook job with allow_failure option,gitlab@gitlab.globoi.com:adtech/autosservico/adcore/apis/globo-ads/disponibilidade-tv
email-service-api,Java/Maven,38,1429,7,15,recebe requisição REST -> persiste em banco relacional,17.5 MB,Microsserviço de envio de email.,docker-hub.artifactory.globoi.com/maven:3.9.9-amazoncorretto-21-alpine -> docker-hub.artifactory.globoi.com/azul/zulu-openjdk-alpine:21.0.9-21.46-jre-headless,"Banco relacional (JDBC/JPA), Feign Client (REST síncrono), Kafka","spring-boot-starter-parent, email-service, spring-boot-starter, logback-classic, spring-boot-starter-web, spring-boot-starter-data-jpa, spring-boot-starter-actuator, spring-boot-starter-validation, spring-boot-starter-thymeleaf, spring-boot-devtools, logback-core, spring-kafka",,,POST /v2/template/upload/base-64 | POST /template/upload/base-64 | POST /template/limpar-cache | POST /email,Java 21 · Spring Boot 3.5.14,8888,,,main,23/06/2026 · Ana Carolina De Jesus Fonseca Cardoso · Merge branch 'merge/staging/refactor/pasac-4262-dockerfile-standardization' into 'main',gitlab@gitlab.globoi.com:adtech/autosservico/adcore/apis/globo-ads/email-service-api
globo-pagamentos-api,Java/Maven,212,13081,34,40,recebe requisição REST -> persiste em banco relacional -> chama API externa (Feign) -> chama API externa (RestTemplate) -> publica no Kafka,21.1 MB,Api de pagamentos do GloboSim. Visa gerenciar e armazenar dados de transações realizadas por meio de uma adquirência.,docker-hub.artifactory.globoi.com/maven:3.9.9-amazoncorretto-21-alpine -> docker-hub.artifactory.globoi.com/azul/zulu-openjdk-alpine:21.0.9-21.46-jre-headless,"Banco relacional (JDBC/JPA), Feign Client (REST síncrono), Kafka, RestTemplate (REST síncrono)","spring-boot-starter-parent, Globo-pagamentos-api, spring-boot-starter-web, spring-boot-starter-data-jpa, spring-boot-starter-validation, spring-boot-starter-actuator, spring-kafka, spring-cloud-starter-openfeign, springdoc-openapi-starter-webmvc-ui, liquibase-core, mysql-connector-j, postgresql",,,POST /postback | GET /api/v1/credit-cards | GET /api/v1/credit-cards/key | POST /v1/webhook | POST /v1/order/credit-card | POST /v1/order/pix | POST /v1/order/boleto | GET /v1/charge/cancel-by-order/{orderProviderId} | POST /api/v1/transaction | POST /api/v1/transaction/boleto | POST /api/v1/transaction/pix | POST /api/v1/transaction/cardIdModel | GET /api/v1/transaction/{id} | GET /api/v1/transaction | POST /api/v1/transaction/{transactionId}/refund/{amount} | POST /api/v1/transaction/{transactionId}/refund | POST /api/v2/transaction | POST /api/v2/transaction/{transactionIdentifier}/capture | POST /api/v2/transaction/{transactionId}/refund/{amount} | POST /orders | POST /recipients | GET /customers/{customerId} | POST /customers | DELETE /charges/{chargeId} | POST /transactions/{transactionId}/refund | GET /transactions/card_hash_key,Java 21 · Spring Boot 3.5.5,8888,"pagarMeClientV5, pagarMeClient",,merge/main/refactor/pasac-4262-dockerfile-logback-standardization,16/06/2026 · Ana Carolina de Jesus · refactor(docker): standardize Dockerfile and logback configuration,gitlab@gitlab.globoi.com:adtech/autosservico/adcore/apis/globo-sim/globo-pagamentos-api
globoads-digital-api,Java/Maven,397,23262,102,1159,recebe requisição REST -> consome Kafka -> persiste em banco relacional -> chama API externa (Feign) -> envia/lê arquivo (Cloud Storage) -> publica no Kafka -> publica no Pub/Sub,42.8 MB,Microsserviço que registra pedidos de compra digital do Globoads. Também preparada para salvar compras de TV em situações futuras.,docker-hub.artifactory.globoi.com/maven:3.9.9-amazoncorretto-21-alpine -> docker-hub.artifactory.globoi.com/azul/zulu-openjdk-alpine:21.0.9-21.46-jre-headless,"Banco relacional (JDBC/JPA), Cloud Storage (GCS), Feign Client (REST síncrono), Kafka, Pub/Sub (GCP), Redis","spring-boot-starter-parent, globoads-digital-api, spring-boot-starter-actuator, spring-boot-starter-web, mapstruct, spring-boot-devtools, spring-boot-starter-data-jpa, springdoc-openapi-starter-webmvc-ui, mysql-connector-j, lombok, spring-boot-starter-test, spring-cloud-starter-openfeign",,,POST /ad-group | GET /ad-group/{adGroupId} | PATCH /ad-group/{adGroupId} | DELETE /ad-group/{adGroupId} | GET /v2/orders/{orderId}/grouped | GET /v2/orders/{orderId}/summary | GET /v2/orders | POST /v2/orders/verify-gex | POST /impressions/clusters | GET /impressions/clusters | DELETE /impressions/clusters/{referenceId} | GET /impressions/targets | GET /api/tags/search | POST /api/tags | DELETE /api/tags/{id} | POST /impressions/orders/checkout | GET /impressions/orders/checkout/{checkoutCode} | GET /impressions/orders | POST /impressions/orders/validate-reference | POST /impressions/orders/retry/{checkoutCode} | POST /price | POST /v2/package | GET /v2/package | GET /v2/package/{packageId} | POST /jobs/update-campaign-status | POST /jobs/update-campaign-status/manual/{id} | POST /jobs/daily-update-unavailable-inventory-status | GET /package | GET /package/{packageId} | POST /package | PUT /package/{packageId} | GET /package/{packageId}/creatives | GET /package/creatives/{packageId}/{lineOrderId} | POST /package/loose | GET /campaigns/{id} | GET /campaigns | PATCH /campaigns/{id} | GET /impressions/products | GET /impressions/products/objective/{objectiveCode} | POST /creatives/associate | POST /creatives/associates/loose | GET /creatives/{requestId}/associates | POST /amplified-commercial/orders/create-manual | POST /amplified-commercial/orders/retry/{checkoutCodeOrOiRp} | GET /amplified-commercial/orders/by-oi-rp/{oiRp} | POST /orders | GET /orders/{orderId} | GET /orders/{orderId}/grouped | GET /orders | POST /orders/{orderId}/gex | GET /objectives | POST /external/impressions/clusters | GET /external/impressions/clusters | DELETE /external/impressions/clusters/{referenceId} | GET /external/no-user-auth/impressions/products | GET /external/impressions/targets | GET /products | GET /products/{format} | POST /order-process | GET /order-process/target/{targetId} | GET /order-process/{orderId} | GET /v2/digital/pme/campaigns/{orderId} | GET /mapa-compra-gex/feriados | GET /api/v1/usuario | GET /api/v1/clientes-credenciados/{usuario_agencia} | GET /v2/users/tokeninfo | POST /operative-adapter/order-process/async | POST /token | GET /v2/creatives/{id} | POST /email | GET /products/by-price-type?tipoPreco=CPM | POST /v2/order-daily-rate-request | GET /order-daily-rate-request/by-client-cnpj/{cnpjClient} | GET /order-daily-rate-request/by-client-and-agency-cnpj/{cnpjClient}/{cnpjAgency} | POST /protocol/openid-connect/token | POST /ticket/gerar-ticket | POST /criativo/associar-criativo-metadados | GET /api/v1/clientes/getby_cpfcnpj/{cnpj} | GET /api/v1/clientes/getby_crm_id/{crmId} | GET /api/v1/clientes/anunciante/empresas,Java 21 · Spring Boot 3.5.14,${PORT:8888},"operativeOneClient, GloboPulsoClient, compra-gads, AgencyClient, onboardClient, operativeAdapterClient, operativeAdapterTokenClient, CreativeSenderClient, emailClient, IntegrationLayerCatalogClient, ILayerOrderServiceClient, keycloakClientSecretAuthClient, facilClient, facilAuthenticationClient, cliente","consome: ${kafka.topic.impression.order.received.dlt}, impressionKafkaListenerContainerFactory, ${kafka.topic.amplified-commercial.order.received.dlt}, ${kafka.topic.amplified-commercial.reserved-tv.dlt}, amplifiedCommercialKafkaListenerContainerFactory, ${kafka.topic.operative.order.return}, orderOperativeConsumerFactory, ${kafka.topic.amplified-commercial.order.received}, ${kafka.topic.amplified-commercial.reserved-tv}, ${kafka.topic.order.service.return}, ${kafka.topic.impression.order.received}",merge/staging/test/pasac-4372-unit-tests,10/08/2026 · Ana Carolina de Jesus · test: add unit tests for CreativeSenderService and ValidationError,gitlab@gitlab.globoi.com:adtech/autosservico/adcore/apis/globo-ads/globoads-digital-api
globoads-facil-worker,Java/Maven,46,1751,4,34,recebe requisição REST -> persiste em banco relacional -> chama API externa (Feign) -> publica no Pub/Sub,144.6 KB,Microsserviço responsável pela comunicação com o sistema do FACIL.,maven:3.9.8-eclipse-temurin-21 -> azul/zulu-openjdk-alpine:21-jre-headless-latest,"Banco relacional (JDBC/JPA), Feign Client (REST síncrono), Pub/Sub (GCP)","spring-boot-starter-parent, globoads, spring-boot-starter-actuator, spring-boot-starter-web, spring-boot-starter-data-jpa, mysql-connector-j, lombok, spring-boot-starter-test, spring-cloud-starter-openfeign, spring-cloud-gcp-starter-pubsub, spring-cloud-dependencies, maven-compiler-plugin",,,POST /integracao/ticket/gerar-ticket | POST /ticket/gerar-ticket/otimizacao | POST /integracao/criativo/associar-criativo-metadados | POST /token,Java 21 · Spring Boot 3.5.4,8888,"facilClient, facilAuthenticationClient",,main,28/09/2026 · Danielle Schmitt Franca · Merge branch 'feature/ADST-1608' into 'main',gitlab@gitlab.globoi.com:adtech/autosservico/adcore/apis/globo-ads/globoads-facil-worker
globoads-financeiro-api,Java/Maven,117,7295,43,369,recebe requisição REST -> persiste em banco relacional -> chama API externa (Feign) -> chama API externa (RestTemplate),21.5 MB,Microsserviço que disponibiliza consulta de faturas/download para clientes globoads/globosim,docker-hub.artifactory.globoi.com/maven:3.9.9-amazoncorretto-21-alpine -> docker-hub.artifactory.globoi.com/azul/zulu-openjdk-alpine:21.0.9-21.46-jre-headless,"Banco relacional (JDBC/JPA), Feign Client (REST síncrono), RestTemplate (REST síncrono)","spring-boot-starter-parent, financeiro-api, spring-boot-starter-data-jpa, spring-boot-starter-web, springdoc-openapi-starter-webmvc-ui, spring-boot-starter-actuator, spring-cloud-starter-openfeign, aws-java-sdk-s3, ion-java, spring-boot-starter-mail, aws-java-sdk-ses, globoads-external-api-spring-boot-starter",,,GET /external/faturas/paged | GET /faturas/paged | GET /faturas | GET /faturas/boleto | GET /faturas/ne-pos | GET /faturas/ne-pre | GET /faturas/fatura | GET /faturas/nfe | GET /faturas/cofat | GET /faturas/arquivo-substituta | GET /faturas/download | GET /faturas/download/type | POST /faturas/download-afiliadas-files | POST /run/cancelamento-abatimento | POST /run/expiration-notice | POST /run/fatura | GET /logs/clicks | GET /faturas-gama/paginated | GET /faturas-gama | GET /faturas-gama/download/type | GET /faturas-gama/boleto | GET /faturas-gama/fatura | GET /faturas-gama/ne-pre | GET /faturas-gama/nfe | GET /faturas-gama/ne-pos | GET /v3/oauth/tokeninfo | GET /financeiro/usuarios/compra/{cnpj} | GET /groups/{groupName}/users/agency/{cnpj} | GET /groups/{groupName}/users/client/{clientId} | GET /company-owner/{cnpj} | GET /users/{username}/companies | GET /v2/users/tokeninfo | GET /api/v1/clientes/get-by-nm-instituicao/{nm} | GET /api/v1/clientes/getby_cpfcnpj/{cnpj} | GET /api/v1/clientes/get-enderecos-by-oi-cliente | GET /api/v1/clientes/anunciante/empresas | GET /api/v1/usuario | GET /financeiro/cliente-info,Java 21 · Spring Boot 3.5.10,8888,"login, GlobosimDigitalClient, onboard, cliente, agency, GlobosimClient",,merge/main/refactor/pasac-4262-dockerfile-standardization,17/07/2026 · Ana Carolina de Jesus · standardizing Dockerfile with updated base images and improved user permissions,gitlab@gitlab.globoi.com:adtech/autosservico/adcore/apis/globo-ads/globoads-financeiro-api
globoads-financeiro-linear,Java/Maven,23,2905,4,168,recebe requisição REST -> persiste em banco relacional,17.6 MB,Microsserviço de sincronismo de faturas para base MySQL.,docker-hub.artifactory.globoi.com/maven:3.9.9-amazoncorretto-21-alpine -> docker-hub.artifactory.globoi.com/azul/zulu-openjdk-alpine:21.0.9-21.46-jre-headless,"Banco relacional (JDBC/JPA), Kafka","spring-boot-starter-parent, globoads-financeiro-linear, spring-boot-starter, spring-boot-starter-web, spring-boot-starter-data-jpa, spring-boot-starter-actuator, spring-boot-starter-test, amqp-10-jms-spring-boot-starter, pooled-jms, activemq-broker, geronimo-jms_1.1_spec, activemq-amqp",,,POST /orquestrador/reprocessar-pendentes | POST /orquestrador/reprocessar-por-fatura | POST /orquestrador/processar,Java 21 · Spring Boot 3.5.14,8888,,,main,28/09/2026 · Abner Andrade · Merge branch 'merge/main/refactor/pasac-4607-configure-logback' into 'main',gitlab@gitlab.globoi.com:adtech/autosservico/adcore/apis/globo-ads/globoads-financeiro-linear
gmid-video-status,Java/Maven,24,1286,3,34,recebe requisição REST -> persiste em banco relacional -> publica no Kafka,22.5 MB,Microsserviço de consulta de status de upload de videos do Globosim no GMID.,docker-hub.artifactory.globoi.com/maven:3.9.9-amazoncorretto-21-alpine -> docker-hub.artifactory.globoi.com/azul/zulu-openjdk-alpine:21.0.9-21.46-jre-headless,"Banco relacional (JDBC/JPA), Kafka","spring-boot-starter-parent, gmidvideostatus, spring-boot-starter-actuator, spring-boot-starter-data-jpa, spring-boot-starter-web, spring-cloud-starter-openfeign, spring-boot-starter-validation, spring-boot-devtools, h2, spring-boot-starter-test, junit-vintage-engine, ojdbc11",,,GET /videos-inativos | GET /aprovacao | POST /solicitar-sincronismo-videos-gmid,Java 21 · Spring Boot 3.5.11,8080,,,merge/main/refactor/pasac-4606-configure-logback,15/09/2026 · Ana Carolina de Jesus · Refactor(logging): add logback configuration for local and production environments,gitlab@gitlab.globoi.com:adtech/autosservico/adcore/apis/globo-sim/gmid-video-status
java-application-template,Java/Maven,1,14,0,1,,20.6 MB,Template para novos projetos Java Spring Boot para o time Plataforma Globo Ads.,docker-hub.artifactory.globoi.com/maven:3.9.9-amazoncorretto-21-alpine -> docker-hub.artifactory.globoi.com/azul/zulu-openjdk-alpine:21.0.9-21.46-jre-headless,,"spring-boot-starter-parent, application, spring-boot-starter-actuator, spring-boot-starter-web, spring-boot-devtools, spring-boot-starter-test, lombok, springdoc-openapi-starter-webmvc-ui, spring-cloud-dependencies, spring-boot-maven-plugin, jacoco-maven-plugin",,,,Java 21 · Spring Boot 3.5.11,${SERVER_PORT:8888},,,main,13/03/2026 · Abner Andrade · Merge branch 'staging' into 'main',gitlab@gitlab.globoi.com:adtech/autosservico/globoads-application-templates/java-application-template
manutencao-rp,Java/Maven,139,16615,42,21,recebe requisição REST -> persiste em banco relacional -> persiste no MongoDB -> usa cache Redis -> chama API externa (Feign) -> chama API externa (RestTemplate) -> persiste no DynamoDB,39.3 MB,Serviço para troca de título e requisição de autorização de faturamento para reserva.,docker-hub.artifactory.globoi.com/maven:3.9.9-amazoncorretto-21-alpine -> docker-hub.artifactory.globoi.com/azul/zulu-openjdk-alpine:21.0.9-21.46-jre-headless,"Banco relacional (JDBC/JPA), DynamoDB, Feign Client (REST síncrono), Kafka, MongoDB, RestTemplate (REST síncrono), gRPC","manutencao-rp, spring-boot-starter-parent, spring-boot-starter-web, spring-boot-starter-actuator, spring-boot-devtools, spring-boot-starter-data-jpa, mysql-connector-j, spring-boot-starter-data-mongodb, jakarta.xml.bind-api, httpclient5, commons-logging, spring-cloud-starter-openfeign",,,GET /v3/oauth/tokeninfo | GET /sigla?me_agencia={meAgencia} | GET /agencia/{meAgencia}/filial/{filialAgencia} | GET /usuario | GET /exibidora/sigla-nome/{exibidora} | POST /materiais | GET /nome-sigla/{mePrograma} | GET /getby_cpfcnpj/{cpfCnpj} | GET /mapa-compra-gex/dias-gex | POST /Order | POST /auth | GET /player | POST /faturamento/autorizar | GET /faturamento | GET /faturamento/indicadores/pendente | GET /grupo-choque | GET /grupo-choque/test | GET /grupo-choque/by-instituicao | POST /trocatitulo/application/json | POST /trocatitulo/gex | GET /trocatitulo/{traceId} | POST /trocatitulo/busca | POST /trocatitulo/busca/paytv | GET /trocatitulo/materiaisfaltantes | GET /trocatitulo/materiaisfaltantes/paytv | GET /materiais/application/json | GET /materiais/v1/materiais | GET /materiais/paytv | GET /materiais/agencia-cliente | GET /materiais/{id} | GET /materiais/titulo/{titulo} | GET /materiais/titulo-me-cliente/{titulo} | POST /materiais/materiais-exibidora | POST /materiais/materiais-exibidora/paytv | GET /materiais/materiais-exibidora/{cdMaterial}/{exibidora} | GET /materiais/infos-material-globoapp/{cdMaterial} | GET /materiais/por-cliente-secundagem-pontoDeVenda | GET /players,Java 21 · Spring Boot 3.5.5,8080,"tokenClient, agencia, empresa, materialProvisorio, programa, cliente, compra-gads, globo-express, videoUrl",,merge/main/refactor/pasac-4492-configure-logback,21/08/2026 · Ana Carolina de Jesus · refactor: update logback configuration and enhance README for local log visibility in IDEs,gitlab@gitlab.globoi.com:adtech/autosservico/adcore/apis/globo-ads/manutencao-rp
media-customization-api,Java/Maven,45,2105,12,1,recebe requisição REST -> persiste em banco relacional -> chama API externa (Feign),17.5 MB,API para criar mídia customizada para o GloboAds.,docker-hub.artifactory.globoi.com/maven:3.9.9-amazoncorretto-21-alpine -> docker-hub.artifactory.globoi.com/azul/zulu-openjdk-alpine:21.0.9-21.46-jre-headless,"Banco relacional (JDBC/JPA), Feign Client (REST síncrono), Kafka","spring-boot-starter-parent, media-customization, spring-boot-starter-actuator, spring-boot-starter-data-jpa, spring-boot-starter-thymeleaf, spring-boot-starter-web, spring-boot-devtools, lombok, spring-boot-starter-test, springdoc-openapi-starter-webmvc-ui, java-jwt, spring-boot-starter-validation",,,GET /tracking | POST /tracking/approve | POST /tracking/disapprove | POST /order/free-to-air | PUT /order/update-title | GET /v3/oauth/tokeninfo | GET /api/v1/usuario | GET /anunciante/empresas | GET /api/v1/clientes/clientes-by-cnpjs | GET /api/v1/clientes/getby_cpfcnpj/{cnpj},Java 21 · Spring Boot 3.5.14,8888,"login, agency, cliente",,merge/main/refactor/pasac-4492-configure-logback,20/08/2026 · Ana Carolina de Jesus · chore(gitignore): update VS Code entries for improved configuration management,gitlab@gitlab.globoi.com:adtech/autosservico/adcore/apis/globo-ads/media-customization-api
menu-unificado-api,Java/Maven,50,2364,4,44,recebe requisição REST -> persiste em banco relacional -> chama API externa (RestTemplate),17.6 MB,Microsserviço de itens de menu unificado GloboAds/GloboSIM.,docker-hub.artifactory.globoi.com/maven:3.9.9-amazoncorretto-21-alpine -> docker-hub.artifactory.globoi.com/azul/zulu-openjdk-alpine:21.0.9-21.46-jre-headless,"Banco relacional (JDBC/JPA), Kafka, RestTemplate (REST síncrono)","spring-boot-starter-parent, menu-unificado-api, spring-boot-starter-web, spring-boot-starter-data-jpa, mapstruct, mysql-connector-j, lombok, spring-boot-starter-test, spring-boot-starter-actuator, flyway-core, flyway-mysql, h2",,,GET /menus | GET /v2/home-config,Java 21 · Spring Boot 3.5.11,8888,,,merge/main/refactor/pasac-4492-configure-logback,21/08/2026 · Ana Carolina de Jesus · docs: update README with IntelliJ IDEA and Visual Studio Code logging configuration instructions,https://gitlab.globoi.com/adtech/autosservico/adcore/apis/globo-ads/menu-unificado-api
order-digital-manager,Java/Maven,24,1247,7,23,recebe requisição REST,17.5 MB,"O Order Digital Manager gerencia dados de Orders junto ao AdManager. Além disso, permite listar, pausar e retomar Criativos.",docker-hub.artifactory.globoi.com/maven:3.9.9-amazoncorretto-21-alpine -> docker-hub.artifactory.globoi.com/azul/zulu-openjdk-alpine:21.0.9-21.46-jre-headless,"Feign Client (REST síncrono), Kafka","spring-boot-starter-parent, order-digital-manager, spring-boot-starter, spring-boot-starter-actuator, spring-boot-starter-web, spring-boot-starter-validation, commons-lang3, spring-cloud-starter-openfeign, springdoc-openapi-starter-webmvc-ui, lombok, spring-boot-devtools, logstash-logback-encoder",,,POST /deactivate-creative | POST /activate-creative | POST /url-creative | GET /orders/name | GET /orders | GET /orders/{id},Java 21 · Spring Boot 3.5.8,8888,,,merge/main/refactor/pasac-4262-dockerfile-logback-standardization,14/07/2026 · Ana Carolina de Jesus · Refactor(docker): standardize Dockerfile and logback configuration;,gitlab@gitlab.globoi.com:adtech/autosservico/adcore/apis/globo-ads/order-digital-manager
player-video-integration,Java/Maven,219,10005,49,54,recebe requisição REST -> consome Kafka -> persiste em banco relacional -> chama API externa (Feign) -> chama API externa (RestTemplate) -> publica no Kafka,21.0 MB,Serviço criado pra integrar com parceiros de vídeo que fornecem material no padrão globo aceitos pelo gmid.,docker-hub.artifactory.globoi.com/maven:3.9.9-amazoncorretto-21-alpine -> docker-hub.artifactory.globoi.com/azul/zulu-openjdk-alpine:21.0.9-21.46-jre-headless,"Banco relacional (JDBC/JPA), Feign Client (REST síncrono), Kafka, RestTemplate (REST síncrono)","spring-boot-starter-parent, player-video-integration, spring-boot-starter, spring-boot-starter-actuator, spring-boot-starter-web, spring-boot-starter-validation, httpclient5, spring-cloud-starter-openfeign, onboard-token-admin, springdoc-openapi-starter-webmvc-ui, lombok, spring-boot-devtools",,,POST /internal/video-integration/send-to-affiliated | GET /internal/materials | POST /internal/materials | GET /video-integration/repeater/send-preview-gmid | GET /internal/video-preview/{materialPartnerId} | GET /internal/video-final/{materialPartnerId} | GET /internal/video/{videoId} | GET /internal/video-requests/{videoRequestId} | POST /internal/process-sinc-video-approval-gmid | PATCH /video-integration/gmid/videos/{id}/status-approval | POST /video-integration/authentication | GET /video-integration/preco-video/{type}/{condecineFee} | GET /video-integration/preco-padrao/{type} | GET /video-integration/videorequests/{videoRequestId} | POST /video-integration/create-video-request | GET /video-integration/by-user/{username} | GET /video-integration/get-my-orders-url | POST /video-integration/notify-partner | POST /partner/video-preview | PUT /partner/video-final | POST /partner/receive-video-status | POST /materiais | GET /getby_cpfcnpj/{cnpj} | GET /get-cliente-by-cpfcnpj/{cnpj} | GET /users/{username}/info | GET /users/query | GET /user-company/find | GET /users/{username}/companies | GET /company-owner/{cnpj} | GET /v2/users/{username}/info | POST /oauth/token | GET /internal/materias/{transactionIdentifier} | GET /agencia/{meAgencia}/filial/{filial} | POST /email | POST /solicitar-sincronismo-videos-gmid | POST /user | POST /video-approvals | POST /purchase | PUT /purchase/approve | POST /ReceberMateriais | PUT /materiais/enderecos | GET /ponto-venda-por-me-exibidora/{meExibidora},Java 21 · Spring Boot 3.5.10,8080,"SiscomMaterialClient, ClienteSiscomClient, onboardClient, GmidAuthentication, videoManagerClient, AgenciasApiClient, emailClient, SincronismoGmidStatusClient, acelerai, GmidClient, empresaClient","consome: ${listen.auto.start:true}, ${kafka.topic.video.manage.event.retry.name}, ${kafka.topic.sinc.video.material.name}, ${kafka.topic.partner.player.video.status.approval.name}, ${kafka.topic.gmid.video.status.approval.name}",merge/main/refactor/pasac-4262-dockerfile-standardization,01/07/2026 · Ana Carolina de Jesus · refactor(Dockerfile): standardize base images and improve user permissions,gitlab@gitlab.globoi.com:adtech/autosservico/adcore/apis/globo-ads/player-video-integration
posvenda-api,Java/Maven,42,1736,9,38,recebe requisição REST -> persiste em banco relacional -> chama API externa (Feign),17.5 MB,"Serve dados de impacto, frequência e alcance de uma campanha.",docker-hub.artifactory.globoi.com/maven:3.9.9-amazoncorretto-21-alpine -> docker-hub.artifactory.globoi.com/azul/zulu-openjdk-alpine:21.0.9-21.46-jre-headless,"Banco relacional (JDBC/JPA), Feign Client (REST síncrono), Kafka","spring-boot-starter-parent, posvenda-api, spring-boot-starter-data-jpa, spring-boot-starter-actuator, spring-boot-starter-web, spring-boot-starter-validation, spring-boot-devtools, spring-cloud-starter-openfeign, spring-cloud-aws-core, mysql-connector-j, lombok, springdoc-openapi-starter-webmvc-ui",,,GET /tv-aberta/campanhas/{campanhaGlobosimId}/impacto | GET /tv-aberta/campanhas/{campanhaGlobosimId}/frequencia-alcance | POST / | POST /tv/freetoair/metrics | POST /tv/freetoair/items | POST /tv/freetoair/competences | GET /v3/simulacao/{id} | POST /tvg-token/token,Java 21 · Spring Boot 3.5.5,8888,"AuthenticationTokenClient, GloboPulsoClient, SimuladorClient, GloboadsAuthenticationClient",,main,15/09/2026 · Ana Carolina De Jesus Fonseca Cardoso · Merge branch 'merge/main/refactor/pasac-4606-configure-logback' into 'main',gitlab@gitlab.globoi.com:adtech/autosservico/adcore/apis/globo-sim/posvenda-api
qrcode-tool-gsim,Java/Maven,11,372,4,18,recebe requisição REST -> persiste no MongoDB,17.5 MB,"Microsserviço de criação e validação e QR Code para redirecionamento da biometria facial via celular, usado no antifraude do GloboSIM.",docker-hub.artifactory.globoi.com/maven:3.9.9-amazoncorretto-21-alpine -> docker-hub.artifactory.globoi.com/azul/zulu-openjdk-alpine:21.0.9-21.46-jre-headless,"Kafka, MongoDB","spring-boot-starter-parent, qrcodegsim, spring-cloud-dependencies, spring-boot-starter-actuator, spring-boot-starter-web, spring-boot-devtools, logstash-logback-encoder, spring-boot-starter-data-mongodb, lombok, springdoc-openapi-starter-webmvc-ui, spring-boot-configuration-processor, spring-boot-starter-test",,,GET /{identifier}/visualized | GET /{identifier} | POST /application/json,Java 21 · Spring Boot 3.5.14,${PORT:8888},,,work/refactor/pasac-4376-test-coverage,02/10/2026 · Ana Carolina de Jesus · chore(ci): add test stage and configure JaCoCo for code coverage,gitlab@gitlab.globoi.com:adtech/autosservico/adcore/apis/globo-sim/qrcode-tool-gsim
Reserva-Rp,Java/Maven,11,463,2,23,recebe requisição REST -> persiste em banco relacional,118.5 KB,Api de consulta de reserva. Usado para salvar mapas em falha.,docker-hub.artifactory.globoi.com/maven:3.9.9-amazoncorretto-21-alpine -> docker-hub.artifactory.globoi.com/azul/zulu-openjdk-alpine:21.0.9-21.46-jre-headless,Banco relacional (JDBC/JPA),"spring-boot-starter-parent, reserva-rp, spring-boot-starter-actuator, spring-boot-starter-data-jpa, spring-boot-starter-web, spring-boot-devtools, ojdbc11, springdoc-openapi-starter-webmvc-ui, lombok, spring-boot-starter-test, junit-vintage-engine, h2",,,GET /rp,Java 21 · Spring Boot 3.5.7,${SERVER_PORT:8888},,,merge/main/refactor/pasac-4262-dockerfile-standardization,03/07/2026 · Ana Carolina de Jesus · refactor(docker): standardize Dockerfile and improve build process,gitlab@gitlab.globoi.com:adtech/autosservico/adcore/apis/globo-ads/Reserva-Rp
reserva-worker,Java/Maven,12,351,3,43,recebe requisição REST -> publica no Pub/Sub,73.5 KB,Aplicação responsável pelo sincronismo de dados de reserva do SISCOM:,docker-hub.artifactory.globoi.com/maven:3.9.9-amazoncorretto-21-alpine -> docker-hub.artifactory.globoi.com/azul/zulu-openjdk-alpine:21.0.9-21.46-jre-headless,"Kafka, Pub/Sub (GCP), RabbitMQ","spring-boot-starter-parent, reserva-worker, spring-cloud-gcp-dependencies, spring-boot-starter-amqp, lombok, spring-boot-starter-test, spring-rabbit-test, jackson-databind, spring-integration-core, spring-cloud-gcp-starter-pubsub, jackson-datatype-jsr310, spring-boot-starter-web",,,POST /publish/confirmacao-reserva | POST /publish/baixa-roteiro,Java 21 · Spring Boot 3.5.14,${SERVER_PORT:8888},,,main,10/09/2026 · Ana Carolina De Jesus Fonseca Cardoso · Merge branch 'merge/main/refactor/pasac-4606-configure-logback' into 'main',gitlab@gitlab.globoi.com:adtech/autosservico/adcore/workers/reserva-worker
simulador-midia,Java/Maven,775,47261,237,325,recebe requisição REST -> consome Kafka -> persiste em banco relacional -> usa cache Redis -> chama API externa (Feign) -> chama API externa (RestTemplate) -> envia/lê arquivo (Cloud Storage) -> publica no Kafka,40.3 MB,"API responsável por tudo o que for relacionado a anúncios na TV Globo. Nesse contexto, o usuário consegue criar plano de anúncios para veicular sua marca no intervalo comercial.",docker-hub.artifactory.globoi.com/maven:3.9.9-amazoncorretto-21-alpine -> docker-hub.artifactory.globoi.com/azul/zulu-openjdk-alpine:21.0.9-21.46-jre-headless,"Banco relacional (JDBC/JPA), Cloud Storage (GCS), Feign Client (REST síncrono), Kafka, Redis, RestTemplate (REST síncrono)","spring-boot-starter-parent, simuladormidia, spring-boot-starter-actuator, spring-boot-starter-data-jpa, spring-boot-starter-web, spring-boot-starter-mail, spring-kafka, kafka-clients, lz4-java, spring-boot-starter-thymeleaf, spring-boot-starter-validation, spring-boot-starter-security",,,"GET /video-integration/preco-video/{tipoVideo}/{taxaCondecine} | GET /video-integration/videorequests/{videoRequestId} | GET /internal/video-requests/{videoRequestId} | GET /internal/materials | POST /internal/materials | POST /internal/video-integration/send-to-affiliated | GET /videorequests/{videoRequestId}/getNotify | POST /videorequests/{videoRequestId}/videorequestevents | POST /local/videorequests/{videoRequestId}/videorequestevents | GET /precos/producao/{isCondecine} | GET /precos/condecine/segmento/{tipoSegmento} | GET /video-materials/video-request/{videoRequestId} | GET /internal/materias/{transactionIdentifier} | GET /ciam/users | PUT /oauth/update-phone-verification-code | POST /users | GET /users/{username}/info | GET /users/{username} | GET /users/query | GET /user-company/find | GET /company-owner/{cnpj} | GET /users/{username}/companies | GET /v2/users | GET /v2/users/{username}/info | GET /politica-desconto | GET /sua-globo/{cdMunicipio} | GET /sua-globo/localizar/{latitude},{longitude} | GET /sua-globo/localizar | GET /sua-globo/localizar/estados | GET /sua-globo/localizar/cidades | GET /sua-globo/cobertura | GET /sua-globo/exibidora/{meExibidora} | GET /sua-globo/tipo-produtora | POST /sua-globo/exhibitorcode | GET /precos/{exibidora}/menor | GET /precos?programa={mePrograma}&merc={meExibidora}&dtMes={dtMes}&versao=1 | GET /precos/{meExibidora} | GET /v2/precos/pricing/{meExibidora} | GET /programas/generos | GET /programas/nomes-locais | GET /sua-globo/cobertura/nacional | GET /v1/atlas/consolidated | GET /v1/atlas/exhibitors | GET /v1/atlas/exhibitors-with-relations/all | GET /v1/atlas/states | POST /leads | POST /leads/{id} | PUT /leads/{id} | GET /leads/{id} | GET /leads/sugestao | GET /v2/leads/sugestao | POST /v2/leads | POST /v2/leads/{id} | PUT /v2/leads/{id} | GET /v2/leads/{id} | PATCH /v2/leads/{leadId}/exibidoras | GET /depoimentos | POST /videos/attach-to-campaign/{simulacaoId} | POST /videos/replace-rejected | GET /videos/{videoId}/campaigns | GET /vantagens | GET /banners | POST /compras/{simulacaoId}/pagar-midia | POST /compras/{simulacaoId}/confirmar-reserva | GET /compras/{simulacaoId}/cupom/validar | GET /compras/cupom/cnpj-usou | GET /compras/opcoes-parcelamento | GET /compras/fail-list | POST /compras/retry/{simulacaoCompraId} | GET /compras/cupom/primeira-compra | GET /compras/retry-confirmar-reserva/{simulacaoId} | POST /compras/retry-retained-reserves/{cnpj} | GET /compras/{simulacaoId}/15dfm | GET /sla | GET /pos-venda/campanhas | GET /pos-venda/exibidora-kantar/{meExibidora} | GET /pos-venda/ultima-campanha-finalizada | GET /pos-venda/campanhas/{simulacaoId} | GET /pos-venda/campanhas/proxima-veiculacao/{simulacaoId} | POST /pos-venda/rotinas/rotina-campanha-finalizada | GET /registro/contato | POST /registro | PUT /registro | PUT /registro/contato/telefone-sms | GET /registro/contato/commercial-data | POST /registro/criarCliente | GET /video_prices | GET /video_prices/{videoRequestId}/ispayed | GET /programas/{programaId}/vinculacoes | GET /programas | POST /player-video/vati/solicitar-registro-video | GET /cabeca-de-rede | GET /videos-exemplo | GET /pacotes | POST /suporte | POST /suporte/{suporteId}/mail | POST /suporte/{suporteId}/upload | GET /financeiro/cliente-info | GET /contato/notificacao/dados-contato-cadastrados | GET /contato/notificacao/simulacao/{id} | POST /contato/notificacao/simulacao/{id} | GET /video-upload/primeiro-acesso | PUT /video-upload/primeiro-acesso | POST /rotina-multiexibidora/confirmacao-rp | POST /simulacao | GET /simulacao/{id} | GET /simulacao | PATCH /simulacao | PATCH /simulacao/{id}/programas | POST /simulacao/{simulacaoId}/programas | PATCH /simulacao/{id}/programas/{programaId}/quantidade/{quantidade} | DELETE /simulacao/{id}/programas/{programaId} | PATCH /simulacao/{id}/videorequest/{videorequestId} | DELETE /simulacao/{id}/videorequest/{videorequestId} | GET /simulacao/validate/videoapprovaltoken | GET /simulacao/{id}/verificar-sla | POST /simulacao/{simulacaoId}/advertisement | POST /simulacao/{simulacaoId}/advertisement/filter | POST /simulacao/{simulacaoId}/fluxocompra | PUT /simulacao/{simulacaoId}/altera-fluxocompra | GET /simulacao/pedidos | GET /simulacao/simulacoes | GET /simulacao/abrangencias/{idSimulacao} | PATCH /simulacao/{id}/inativar | GET /veiculacoes/{veiculacaoId} | POST /veiculacoes/{programaId} | PUT /veiculacoes/{programaId} | POST /veiculacoes/{simulacaoId}/generate | POST /sua-globo/aviso-cobertura | GET /disponibilidade/simulacao/{simulacaoId} | GET /disponibilidade | GET /disponibilidade/check/simulacao/{simulacaoId} | GET /disponibilidade/simulacao/{simulacaoId}/sugestao-de-datas | GET /parametro-usuario | POST /parametro-usuario | PUT /parametro-usuario/{id} | DELETE /parametro-usuario/{id} | GET /validacao-compra-externa/cliente-valido-para-compra-globo-ads | GET /validacao-compra-externa/cobertura | GET /taxa-pagamento | POST /backoffice/exibidoras/ativas | PATCH /backoffice/exibidoras/ativas | GET /backoffice/exibidoras/{codigoExibidora} | GET /V2/programas | GET /v2/pacotes | GET /v2/simulacao/{simulacaoId} | PUT /v2/simulacao/{simulacaoId} | PATCH /v2/simulacao/{simulacaoId}/programas/regerar | GET /v2/simulacao/preview | POST /v4/simulacao | POST /v4/simulacao/leads | GET /v4/simulacao/{simulacaoId} | PUT /v4/simulacao/{simulacaoId} | GET /v4/simulacao/tipo-simulacao | PUT /v4/simulacao/{simulacaoId}/atualiza-nome | GET /v3/simulacao/{id} | PATCH /v3/simulacao/{idSimulacao}/exibidoras | PUT /v3/simulacao/{simulacaoId} | POST /v3/simulacao/{simulacaoId}/advertisement | POST /v3/simulacao/{simulacaoId}/advertisement/filter | GET /v3/simulacao/{id}/metadados | POST /mission/simulacao/{simulacaoId} | GET /price | POST /createClient | GET /contact | GET /consulta | GET /nome-sigla/{mePrograma} | GET /nome-sigla/* | POST /v1/transaction | POST /v1/transaction/boleto | POST /v1/transaction/pix | POST /v2/transaction | POST /v2/transaction/{transactionIdentifier}/capture | GET /recipients/owners | GET /local/videos/{videoId} | GET /videos/metadata/video/{videoId} | POST /videos/metadata/submit-opec/{videoId} | POST /email | GET /cadastro/faturamento/{cnpj} | GET /availability/getAvailabilityPrograms | GET /validar | POST /cuponsutilizados | DELETE /cuponsutilizados/{cupomUtilizadoId} | POST /validar-politica | POST /cuponsutilizados-elegibilidade | POST /cupom | POST /gera | GET /ponto-venda-por-me-exibidora/{meExibidora} | GET /ponto-venda-por-cd-empresa/{cdEmpresa} | GET /ponto-venda/{mePontoVenda} | GET /pme/mapa-definitivo-by-id/{mapacompraId} | GET /mapa-definitivo/itens | GET /getby_cpfcnpj/{cnpj} | GET /get-cliente-by-cpfcnpj/{cnpj} | POST /planomidia | PUT /planomidia/{simulacaoId}",Java 21 · Spring Boot 3.5.10,8888,"playerVideoIntegrationClient, videoClient, videoManagerClient, login, onboardClient, tabelapreco, AtlasCoberturaClient, FotografiaApiClient, contaClient, DisponibilidadeClient, programaClient, pagamentoClient, dashBoardClient, playerIntegrationClient, emailClient, antiFraudeClient, ProgramDisponibilityClient, VoucherClient, NewDisponibilidadeClient, empresaClient, AcompanhamentoClient, ClienteSiscomClient","consome: ${kafka.topic.name.transaction-event}, ${message.topic.name.video-integration}, ${message.topic.name.player-integration}, ${kafka.topic.mapacomprareturn.name}, ${kafka.topic.atualizacao.antifraude.name}, ${message.topic.name.create-account}",merge/main/fix/remove-duplicate-dependencies,07/08/2026 · Ana Carolina de Jesus · fix: remove duplicate logstash-logback-encoder dependency from pom.xml,gitlab@gitlab.globoi.com:adtech/autosservico/adcore/apis/globo-sim/simulador-midia
sincronismo-empresa,Java/Maven,68,3252,0,1,consome Kafka -> persiste em banco relacional,17.5 MB,Serviço de sincronismo de tabelas de empresa Oracle/MySQL,docker-hub.artifactory.globoi.com/maven:3.9.9-amazoncorretto-21-alpine -> docker-hub.artifactory.globoi.com/azul/zulu-openjdk-alpine:21.0.9-21.46-jre-headless,"Banco relacional (JDBC/JPA), Kafka","spring-boot-starter-parent, demo, spring-boot-starter-actuator, spring-boot-starter-data-jpa, spring-boot-starter-web, spring-kafka, spring-boot-devtools, mysql-connector-j, lombok, spring-boot-starter-test, modelmapper, spring-kafka-test",,,,Java 21 · Spring Boot 3.5.11,8888,,consome: ${message.topic.name.empresa},merge/staging/refactor/pasac-4262-dockerfile-standardization,05/06/2026 · Ana Carolina de Jesus · refactor(Dockerfile): standardize base images and improve user permissions,gitlab@gitlab.globoi.com:adtech/autosservico/adcore/apis/globo-ads/sincronismo-empresa
sincronismo-mercado,Java/Maven,35,1721,0,1,consome Kafka -> persiste em banco relacional,17.5 MB,Realiza sincronismo de dados de materiais entre tabelas.,maven:3.9.9-amazoncorretto-21-alpine -> azul/zulu-openjdk-alpine:21.0.9-21.46-jre-headless,"Banco relacional (JDBC/JPA), Kafka, gRPC","spring-boot-starter-parent, sincronismomercado, spring-boot-starter-actuator, spring-boot-starter-data-jpa, spring-kafka, spring-boot-devtools, mysql-connector-j, lombok, spring-boot-starter-web, spring-boot-starter-test, spring-kafka-test, modelmapper",,,,Java 21 · Spring Boot 3.5.11,8888,,consome: ${message.topic.name.mercado},main,25/02/2026 · Abner Andrade · Merge branch 'merge/main/refactor/pasac-4020-improve-build' into 'main',gitlab@gitlab.globoi.com:adtech/autosservico/adcore/apis/globo-ads/sincronismo-mercado
sincronismo-programa,Java/Maven,29,1475,0,1,consome Kafka -> persiste em banco relacional,17.5 MB,"Microsserviço que faz o sincronismo de tabelas de programas Oracle/Mysql, via consumer Kafka",maven:3.9.9-amazoncorretto-21-alpine -> azul/zulu-openjdk-alpine:21.0.9-21.46-jre-headless,"Banco relacional (JDBC/JPA), Kafka, gRPC","spring-boot-starter-parent, sincronismoprograma, spring-boot-starter-actuator, spring-boot-starter-data-jpa, spring-boot-starter-web, spring-kafka, modelmapper, lombok, mysql-connector-j, spring-boot-starter-test, spring-kafka-test, spring-boot-maven-plugin",,,,Java 21 · Spring Boot 3.5.11,8888,,consome: ${message.topic.name.programa},main,25/02/2026 · Abner Andrade · Merge branch 'merge/main/refactor/pasac-4020-improve-build' into 'main',gitlab@gitlab.globoi.com:adtech/autosservico/adcore/apis/globo-ads/sincronismo-programa
sincronismo-siscom-worker,Java/Maven,154,5858,0,0,consome Kafka -> persiste em banco relacional -> usa cache Redis,187.1 KB,"Aplicação responsável pela sincronização de tabelas do SISCOM via CDC (Change Data Capture) consumindo Kafka. Unifica em um único deploy os quatro workers legados: `sincronismo-empresa`, `sincronismo-mercado`, `sincronismo-programa` e `sincronismo-usuario`.",docker-hub.artifactory.globoi.com/maven:3.9.9-amazoncorretto-21-alpine -> docker-hub.artifactory.globoi.com/azul/zulu-openjdk-alpine:21.0.9-21.46-jre-headless,"Banco relacional (JDBC/JPA), Kafka, Redis, gRPC","spring-boot-starter-parent, siscom-worker, spring-boot-starter-actuator, spring-boot-starter-data-jpa, spring-boot-starter-web, spring-kafka, spring-boot-starter-data-redis, mysql-connector-j, spring-boot-devtools, lombok, logstash-logback-encoder, modelmapper",,,,Java 21 · Spring Boot 4.0.6,${PORT},,consome: ${message.topic.name},main,21/05/2026 · Railson Da Silva Martins · Merge branch 'feature/PASAC-4293-cache' into 'main',gitlab@gitlab.globoi.com:adtech/autosservico/adcore/workers/sincronismo-siscom-worker
sincronismo-usuario,Java/Maven,34,1305,0,1,consome Kafka -> persiste em banco relacional,17.4 MB,"Microsserviço que faz o sincronismo de tabelas de usuários Oracle/Mysql, via consumer Kafka",maven:3.9.9-amazoncorretto-21-alpine -> azul/zulu-openjdk-alpine:21,"Banco relacional (JDBC/JPA), Kafka","spring-boot-starter-parent, demo, spring-boot-starter-actuator, spring-boot-starter-data-jpa, spring-boot-starter-web, spring-kafka, spring-boot-devtools, mysql-connector-j, lombok, spring-boot-starter-test, modelmapper, spring-kafka-test",,,,Java 21 · Spring Boot 3.5.11,8888,,consome: ${message.topic.name.usuario},main,25/02/2026 · Abner Andrade · Merge branch 'merge/main/refactor/pasac-4020/improve-build' into 'main',gitlab@gitlab.globoi.com:adtech/autosservico/adcore/apis/globo-ads/sincronismo-usuario
siscom-material,Java/Maven,27,1008,5,22,recebe requisição REST -> persiste em banco relacional -> chama API externa (Feign),21.3 MB,API que realiza sincronismo de dados de materiais entre tabelas.,maven:3.9.9-amazoncorretto-21-alpine -> azul/zulu-openjdk-alpine:21.0.9-21.46-jre-headless,"Banco relacional (JDBC/JPA), Feign Client (REST síncrono), Kafka","ms-siscom-material, spring-boot-starter-parent, spring-boot-starter-jdbc, spring-boot-starter-web, spring-boot-starter-data-jpa, spring-boot-devtools, ojdbc11, spring-boot-starter-actuator, httpclient5, spring-cloud-starter-openfeign, spring-boot-starter-test, springdoc-openapi-starter-webmvc-ui",,,POST /sincronismo/salva-materiais-abrangencias | POST /materiais | GET /materiais/sincronizaMateriaisAuto | GET /materiais/buscaDataAtualizacaoAws,Java 21 · Spring Boot 3.5.11,8888,sincronismomaterial,,main,25/02/2026 · Abner Andrade · Merge branch 'merge/main/refactor/pasac-4020-improve-build' into 'main',gitlab@gitlab.globoi.com:adtech/autosservico/adcore/apis/globo-ads/siscom-material
termos-e-condicoes-backend,Java/Maven,18,814,5,19,recebe requisição REST -> persiste em banco relacional -> chama API externa (RestTemplate),130.6 KB,Este microsserviço é responsável por gerenciar os Termos e Condições de uso da plataforma. Ele permite o armazenamento e a recuperação dos textos de Termos e Condições.,docker-hub.artifactory.globoi.com/maven:3.9.9-amazoncorretto-21-alpine -> docker-hub.artifactory.globoi.com/azul/zulu-openjdk-alpine:21.0.9-21.46-jre-headless,"Banco relacional (JDBC/JPA), Kafka, RestTemplate (REST síncrono)","spring-boot-starter-parent, termosbackend, spring-cloud-dependencies, spring-boot-starter-actuator, spring-boot-starter-web, spring-boot-starter-data-jpa, spring-boot-starter-mail, spring-boot-starter-thymeleaf, spring-boot-starter-validation, spring-boot-starter-security, spring-boot-starter-oauth2-resource-server, spring-boot-devtools",,,GET /admin/{platform}/{termName}/draft | GET /{platform}/{termName}/latest | POST /admin/save | POST /admin/publish/{platform}/{termName},Java 21 · Spring Boot 3.5.15,${PORT:8888},,,merge/main/refactor/pasac-4492-configure-logback,20/08/2026 · Ana Carolina de Jesus · refactor(.gitignore): update Visual Studio Code entries for better configuration management,gitlab@gitlab.globoi.com:adtech/autosservico/adcore/apis/globo-ads/termos-e-condicoes-backend
tvg-campanha,Java/Maven,7,438,4,40,recebe requisição REST -> persiste em banco relacional,17.5 MB,API para localizar e salvar campanhas.,docker-hub.artifactory.globoi.com/maven:3.9.9-amazoncorretto-21-alpine -> docker-hub.artifactory.globoi.com/azul/zulu-openjdk-alpine:21.0.9-21.46-jre-headless,"Banco relacional (JDBC/JPA), Feign Client (REST síncrono), Kafka","spring-boot-starter-parent, campanha, spring-cloud-dependencies, spring-boot-starter-data-jpa, spring-boot-starter-web, mysql-connector-j, springdoc-openapi-starter-webmvc-ui, lombok, spring-boot-devtools, spring-boot-starter-test, spring-cloud-starter-openfeign, spring-boot-starter-actuator",,,GET /campanhas/{id} | GET /campanhas | POST /campanhas,Java 21 · Spring Boot 3.5.14,8888,,,main,28/09/2026 · Abner Andrade · Merge branch 'merge/main/refactor/pasac-4607-configure-logback' into 'main',gitlab@gitlab.globoi.com:adtech/autosservico/adcore/apis/globo-ads/tvg-campanha
tvg-compexibicao-scheduler,Java/Maven,14,1457,1,8,recebe requisição REST -> persiste em banco relacional,20.6 MB,Scheduler que realiza gerenciamento dos dados de Compra.,docker-hub.artifactory.globoi.com/maven:3.9.9-amazoncorretto-21-alpine -> docker-hub.artifactory.globoi.com/azul/zulu-openjdk-alpine:21.0.9-21.46-jre-headless,Banco relacional (JDBC/JPA),"spring-boot-starter-parent, tvg-compexibicao-scheduler, spring-boot-starter-data-jpa, spring-boot-starter-web, spring-boot-starter-actuator, spring-boot-devtools, mysql-connector-j, springdoc-openapi-starter-webmvc-ui, spring-boot-starter-test, lombok, jacoco-maven-plugin, spring-boot-maven-plugin",,,POST /,Java 21 · Spring Boot 3.5.5,8888,,,merge/main/refactor/pasac-4262-dockerfile-standardization,06/07/2026 · Ana Carolina de Jesus · chore: standardize Dockerfile with updated base images and improved entrypoint setup,gitlab@gitlab.globoi.com:adtech/autosservico/adcore/apis/globo-ads/tvg-compexibicao-scheduler
tvg-internal-communication,Java/Maven,25,1434,13,1,recebe requisição REST -> persiste em banco relacional -> usa cache Redis -> chama API externa (Feign) -> chama API externa (RestTemplate),38.3 MB,Microsserviço para registro de comunicados de negócio para usuários de agências e anunciantes.,docker-hub.artifactory.globoi.com/maven:3.9.9-amazoncorretto-21-alpine -> docker-hub.artifactory.globoi.com/azul/zulu-openjdk-alpine:21.0.9-21.46-jre-headless,"Banco relacional (JDBC/JPA), Feign Client (REST síncrono), Kafka, RestTemplate (REST síncrono)","tvg-internal-communication, spring-boot-starter-parent, aws-java-sdk-bom, spring-cloud-dependencies, spring-boot-starter-actuator, spring-boot-starter-web, spring-boot-starter-jdbc, spring-boot-starter-web-services, httpclient5, lombok, springdoc-openapi-starter-webmvc-ui, spring-boot-devtools",,,GET /comunicado | GET /comunicado/validos | GET /comunicado/{id} | POST /comunicado/formData | POST /comunicado/formData/atualizar | DELETE /comunicado | POST /upload/img | POST /upload/pdf | GET /v3/oauth/tokeninfo | GET /sigla?me_agencia={meAgencia} | GET /usuario,Java 21 · Spring Boot 3.5.11,8888,"token, agencia",,merge/main/refactor/pasac-4492-configure-logback,20/08/2026 · Ana Carolina de Jesus · refactor(.gitignore): update Visual Studio Code entries for better configuration management,gitlab@gitlab.globoi.com:adtech/autosservico/adcore/apis/globo-ads/tvg-internal-communication
tvg-onboard,Java/Maven,488,27485,198,638,recebe requisição REST -> consome Kafka -> persiste em banco relacional -> usa cache Redis -> chama API externa (Feign) -> publica no Kafka -> publica no Pub/Sub,19.7 MB,O tvg-onboard é um projeto para auto-cadastro de usuários e para gestão de perfis.,docker-hub.artifactory.globoi.com/maven:3.9.9-amazoncorretto-21-alpine -> docker-hub.artifactory.globoi.com/azul/zulu-openjdk-alpine:21.0.9-21.46-jre-headless,"Banco relacional (JDBC/JPA), Feign Client (REST síncrono), Kafka, Pub/Sub (GCP), Redis","spring-boot-starter-parent, onboard, spring-boot-starter-actuator, spring-boot-starter-web, spring-boot-starter-oauth2-authorization-server, spring-cloud-starter-openfeign, spring-boot-devtools, gson, spring-boot-starter-mail, lombok, spring-boot-starter-validation, springdoc-openapi-starter-webmvc-ui",,,POST /companies | GET /companies/{companyId} | GET /companies/query | GET /companies/account-id/{accountId}/globo-id/{globoId} | PUT /companies/{id} | PATCH /companies/{id} | POST /companies/{companyId}/phones | PUT /companies/{companyId}/phones/{phoneId} | DELETE /companies/{companyId}/phones/{phoneId} | POST /companies/{companyId}/address | PUT /companies/{companyId}/address/{addressId} | DELETE /companies/{companyId}/address/{addressId} | POST /companies/{cnpj}/income-search | PUT /companies/{companyId}/crm | POST /salesforce/retry | GET /salesforce/retryable-users | POST /salesforce/retryable-users | GET /userdata-access/{type} | POST /userdata-access/{id}/change-status/{status} | POST /userdata-access/change-status/{status} | POST /userdata-access/{id}/set-master | POST /userdata-access/{id}/revoke-master | GET /userdata-access/all/{type} | GET /userdata-access/single/{type} | GET /userdata-access/by-nm-user/{nmUser} | GET /userdata-access/single/AGENCY/{uaKey} | GET /userdata-access/all/approved | GET /userdata-access/single/CLIENT/{uaKey} | GET /userdata-access/status | GET /userdata-access/status-by-cnpj/{cnpj} | GET /userdata-access/all/AGENCY/masters | GET /userdata-access/all/AGENCY/count | DELETE /userdata-access/all/AGENCY/users/{userdataId} | POST /userdata-access/single/AGENCY/associate-user | PUT /userdata-access/active-company | GET /userdata-access/active-company | DELETE /userdata-access/active-company | GET /data_onboarding/first_access | POST /admin/oauth-clients | GET /preferences | POST /preferences | GET /interests | GET /impersonations | POST /impersonations | GET /accreditation | GET /accreditation/by-user | GET /functions | GET /companies/{cnpj}/whitelist | POST /companies/{cnpj}/whitelist | DELETE /companies/{cnpj}/whitelist/{domainId} | GET /company-owner/{document} | GET /systemaccess | GET /systemaccess/{id}/roles | PUT /user-company | GET /user-company/find | GET /user-company/{document}/usernames | DELETE /user-company/{companyId} | GET /external/plim/users | POST /invitation/guest-request | PUT /invitation/guest-update | POST /invitation/request-owner-authorization | POST /invitation/authorization-request | GET /invitation/{companyId} | GET /invitation/invitation-userdata-company/{companyId} | PUT /invitation | DELETE /invitation/{invitationId} | POST /invitation/resend/{invitationId} | GET /invitation/view/{invitationId} | GET /invitation/check | GET /invitation/user/{username} | POST /antifraud/validacao/cpf | POST /antifraud/validacao/cpf-without-user | POST /antifraud/biometry-link | POST /antifraud/validate/qsa | POST /antifraud/{companyId}/address-search | PUT /antifraud/{username}/postpone-biometry | GET /antifraud/{username}/status | GET /advertisers/emails | GET /groups/{groupName}/users/agency/{cnpj} | GET /groups/{groupName}/users/client/{clientId} | POST /users/simplify | POST /users/simplify/{inviteId} | PUT /users/{username}/companies | GET /users/{username}/info | GET /users/{username} | GET /users/query | POST /users/{username}/addresses | PUT /users/{username}/addresses/{addressId} | DELETE /users/{username}/addresses/{addressId} | POST /users/{username}/phones | DELETE /users/{username}/phones/{phoneId} | PUT /users/{username}/phones/{phoneId} | PUT /users/{username}/interests | PUT /users/{username}/preferences | POST /users/{username}/send-to-crm | PUT /users/{userId}/crm | GET /users/{username}/companies | GET /users/{username}/companies/{companyId}/check-master | POST /users/biometry-flow/{biometryFlow} | POST /users/{username}/first-access | GET /permission/groups | POST /permission/groups/{groupName}/users/{userdataId} | POST /permission/groups/{groupName}/batch-users | DELETE /permission/groups/{groupName}/users/{userdataId} | DELETE /permission/groups/{groupName}/batch-users | GET /permission/groups/users/{userdataId} | GET /permission/groups/users/{globoId}/by-globo-id | DELETE /cache-manager/{userdataId}/clear-cache | PUT /v2/user-removal-tool | GET /v2/accreditation | POST /v2/systemaccess/{id}/grant-access-to-user/{username} | POST /v2/users | PUT /v2/users/{username} | GET /v2/users | GET /v2/users/tokeninfo | POST /v2/users/simplify | PUT /v2/users/{globoid}/globoid-webhook | GET /v2/users/{globoId}/account-info | GET /v2/users/{username}/info | DELETE /v2/users | PATCH /v2/users/last-access | GET /v2/users/search | GET /v2/users/validate/corporate-email | PUT /{username}/phones/{phoneId} | GET / | GET /clients | POST /agency/{documentNumber}/selected-client/{clientIdentifier} | DELETE /agency/{documentNumber}/selected-client/{clientIdentifier} | GET /agency/{documentNumber}/selected-client | PATCH /{id} | POST /email-service-api/email | GET /v2/users/{id} | GET /v2/users/email/{email} | POST /token | POST / | POST /verify-and-create | GET /api/v1/exibidora/cnpj/{cnpj} | POST /internal/retry/retry-retained-orders/{cnpj} | DELETE /caches/{key} | POST /api/globoads/contact | GET /api/contact | POST /api/createClient | GET /cadastro/faturamento/{cnpj} | GET /v1/agencias | GET /v1/agencias/enderecos | GET /v1/agencias/enderecos/{cnpj} | GET /v1/agencias/{oiAgencia}/detalhes | GET /v1/agencias/credenciamentos/clientes | GET /v1/agencias/credenciamentos/status | GET /v1/clientes | GET /v1/clientes/enderecos | GET /v1/clientes/enderecos/{cnpj} | GET /v1/clientes/{oiCliente}/detalhes | POST /compras/retry-retained-reserves/{cnpj} | GET /v1/globoads/clients/{client_id} | GET /v1/globoads/groups | POST /v1/globoads/groups/{groupName}/users/{globoId} | DELETE /v1/globoads/groups/{groupName}/users/{globoId} | GET /v1/globoads/users/{globoId}/roles | GET /v2/globoads/users/roles/{roles} | POST /v1/globoads/users/{globoId} | DELETE /v1/globoads/users/{globoId} | PUT /cadastro/validacao/sms-answered | POST /cadastro/validacao/simple-cpf | POST /cadastro/validacao/qsa | POST /cadastro/validacao/biometria | GET /cadastro/{document}/endereco,Java 21 · Spring Boot 3.5.6,8888,"email-service, glive, backstageAccountClient, qrCodeClient, decoupling, company, digitalApiClient, balerion-realm, salesforceOnboardingClient, salesforce, BackstageClient, incomeSearchApiClient, siscom-common, simuladorMidiaApiClient, B2BPermissionClient, antifraudApiClient",consome: ${kafka.antifraud-status.topic.name},develop,20/08/2026 · Mauricio Cordeiro · Merge branch 'merge/dev/feature/PASAT-5981' into 'develop',gitlab@gitlab.globoi.com:adtech/autosservico/adcore/apis/ativacao/tvg-onboard
tvg-player-integration,Java/Maven,147,6912,41,35,recebe requisição REST -> consome Kafka -> persiste em banco relacional -> chama API externa (Feign) -> chama API externa (RestTemplate) -> publica no Kafka,17.7 MB,API criada para integrar com players parceiros globo para disponibilizar videos de clientes existentes no mesmo para uso no Globosim. Atualmente integrado apenas com Casa Vaticano.,docker-hub.artifactory.globoi.com/maven:3.9.9-amazoncorretto-21-alpine -> docker-hub.artifactory.globoi.com/azul/zulu-openjdk-alpine:21.0.9-21.46-jre-headless,"Banco relacional (JDBC/JPA), Feign Client (REST síncrono), Kafka, RestTemplate (REST síncrono)","spring-boot-starter-parent, player-integration, spring-boot-starter-web, spring-boot-starter-data-jpa, spring-boot-starter-validation, spring-boot-starter-actuator, postgresql, spring-kafka, spring-cloud-starter-openfeign, onboard-token-admin, commons-lang3, java-jwt",,,POST /protocol/openid-connect/token | POST /videos/metadata | GET /videos/metadata/{id} | GET /videos/metadata/video/{id} | GET /videos/metadata/retry-send/{id} | GET /videos/metadata/crt-valid | POST /videos/metadata/receive-video | POST /videos/metadata/submit-opec/{videoId} | GET /local/videos/{videoId} | GET /local/videos | POST /local/videos/gmid-status | GET /local/videos/free-purchase-count | POST /integration/notify-partner | POST /videos | DELETE /videos/{videoId} | PUT /videos/{videoId} | POST /videos/metadados | POST /compras/retry-retained-reserves/{cnpj} | POST /users | GET /users/{username}/info | GET /users/query | GET /user-company/find | GET /users/{username}/companies | GET /company-owner/{cnpj} | GET /v2/users/{username}/info | POST /purchaseConfirmation | POST / | GET /registro/contato | GET /v3/simulacao/{simulacaoId} | GET /v3/simulacao/{simulacaoId}/metadados | GET /aprovacao | GET /ponto-venda-por-me-exibidora/{meExibidora},Java 21 · Spring Boot 3.5.7,8080,"keycloakClientSecretAuthClient, simuladorClientNoAuth, onboardClient, PurchaseConfirmation, EmailClient, AceleraiClient, SimuladorClient, GmidVideoStatusClient, Oauth2Login, ManutencaoRpClient, empresaClient","consome: ${message.topic.name.receive-video}, ${message.topic.name.purchase-confirmation}, ${kafka.topic.partner.player.video.status.approval.name}, ${kafka.topic.gmid.video.status.approval.name}",merge/main/refactor/pasac-4262-dockerfile-standardization,02/07/2026 · Ana Carolina de Jesus · refactor(Dockerfile): standardize base images and improve build process,gitlab@gitlab.globoi.com:adtech/autosservico/adcore/apis/globo-sim/tvg-player-integration
tvg-push-notification,Java/Maven,49,2411,15,11,recebe requisição REST -> chama API externa (Feign) -> publica no Pub/Sub,17.5 MB,Serviço de notificação do aplicativo GloboAds.,docker-hub.artifactory.globoi.com/maven:3.9.9-amazoncorretto-21-alpine -> docker-hub.artifactory.globoi.com/azul/zulu-openjdk-alpine:21.0.9-21.46-jre-headless,"Feign Client (REST síncrono), Kafka, Pub/Sub (GCP)","spring-boot-starter-parent, tvg-push-notification, spring-boot-starter-actuator, spring-boot-starter-web, spring-boot-starter-webflux, spring-cloud-gcp-starter-pubsub, spring-boot-starter-validation, spring-boot-devtools, lombok, spring-boot-starter-test, junit-vintage-engine, springdoc-openapi-starter-webmvc-ui",,,POST /fcm/send | POST /airship/tags | GET /airship/tags | POST /airship/send | POST /airship/schedule | DELETE /airship/schedule/{scheduleId} | POST /send | POST /push | POST /named_users/tags | GET /named_users?id={namedUser} | POST /schedules | DELETE /schedules/{scheduleId},Java 21 · Spring Boot 3.5.11,8889,"fcm-client, airship-http-client",,main,21/08/2026 · Ana Carolina De Jesus Fonseca Cardoso · Merge branch 'merge/main/refactor/pasac-4492-configure-logback-local-changes' into 'main',gitlab@gitlab.globoi.com:adtech/autosservico/adcore/apis/globo-ads/tvg-push-notification
tvg-report-gen,Java/Maven,18,951,5,42,recebe requisição REST,19.0 MB,Projeto especializado em geração de relatórios com Jasper Reports.,docker-hub.artifactory.globoi.com/maven:3.9.9-amazoncorretto-21-alpine -> docker-hub.artifactory.globoi.com/azul/zulu-openjdk-alpine:21.0.9-21.46-jre-headless,Kafka,"spring-boot-starter-parent, tvg-report-gen, spring-boot-starter-actuator, spring-boot-starter-web, spring-boot-devtools, lombok, commons-lang3, jasperreports, jasperreports-pdf, jasperreports-jdt, ecj, commons-beanutils",,,POST /comprovante-exibicao/paytv | POST /comprovante-exibicao/paytv/planilha | POST /comprovante-exibicao/unificado | POST /comprovante-exibicao/unificado/planilha,Java 21 · Spring Boot 3.5.14,8083,,,merge/main/refactor/pasac-4375-unit-tests,09/09/2026 · Ana Carolina de Jesus · feat: enhance CI pipeline with testing stage and JaCoCo coverage checks,gitlab@gitlab.globoi.com:adtech/autosservico/adcore/apis/globo-ads/tvg-report-gen
tvg-sincronismo-material,Java/Maven,38,2374,4,38,recebe requisição REST -> consome Pub/Sub -> persiste em banco relacional -> chama API externa (Feign) -> publica no Kafka -> publica no Pub/Sub,24.6 MB,Microserviço utilizado para sincronizar registro de material criado no Oracle com o Mysql após criação do mesmo para troca de título.,docker-hub.artifactory.globoi.com/maven:3.9.9-amazoncorretto-21-alpine -> docker-hub.artifactory.globoi.com/azul/zulu-openjdk-alpine:21.0.9-21.46-jre-headless,"Banco relacional (JDBC/JPA), Feign Client (REST síncrono), Kafka, Pub/Sub (GCP)","spring-boot-starter-parent, sincronismomaterial, spring-boot-starter-web, spring-boot-starter-actuator, spring-boot-starter, logback-core, spring-boot-starter-validation, spring-boot-starter-data-jpa, spring-boot-starter-jdbc, mysql-connector-j, spring-boot-devtools, commons-lang3",,,GET /sincronizaMateriaisAuto | GET /buscaDataAtualizacaoAws | POST /sincronismo/salva-materiais-abrangencias,Java 21 · Spring Boot 3.5.14,8081,siscomMaterial,,merge/main/refactor/pasac-4262-dockerfile-standardization,23/06/2026 · Ana Carolina de Jesus · refactor(docker): standardize Dockerfile and update dependencies,gitlab@gitlab.globoi.com:adtech/autosservico/adcore/apis/globo-ads/tvg-sincronismo-material
tvg-tabelapreco,Java/Maven,32,2048,16,17,recebe requisição REST -> persiste em banco relacional -> usa cache Redis -> chama API externa (Feign),20.7 MB,"Serve dados de impacto, frequência e alcance de uma campanha.",docker-hub.artifactory.globoi.com/maven:3.9.9-amazoncorretto-21-alpine -> docker-hub.artifactory.globoi.com/azul/zulu-openjdk-alpine:21.0.9-21.46-jre-headless,"Banco relacional (JDBC/JPA), Feign Client (REST síncrono), Kafka, Redis","spring-boot-starter-parent, tabelapreco, spring-boot-starter-data-jpa, spring-boot-starter-web, spring-data-redis, jedis, spring-boot-devtools, mysql-connector-j, spring-boot-starter-test, spring-cloud-starter-openfeign, commons-io, lombok",,,POST /price-list-sf | GET /programas/nomes-locais | GET /programas/generos | GET /programas/{mePrograma}/generos | GET /precos | GET /precos/abrangencias | GET /precos/{exibidora}/menor | GET /precos/{exibidora} | POST /v2/precos | GET /v2/precos/{exibidora} | GET /v2/precos/pricing/{exibidora} | GET /v2/precos/exibidoras,Java 21 · Spring Boot 3.5.14,8888,pricing,,main,10/09/2026 · Ana Carolina De Jesus Fonseca Cardoso · Merge branch 'merge/main/refactor/pasac-4606-configure-logback' into 'main',gitlab@gitlab.globoi.com:adtech/autosservico/adcore/apis/globo-sim/tvg-tabelapreco
tvg-upload-tv,Java/Maven,103,6668,11,49,recebe requisição REST -> chama API externa (Feign) -> chama API externa (RestTemplate) -> envia/lê arquivo (Cloud Storage),38.8 MB,API para upload de arquivo de compra.,docker-hub.artifactory.globoi.com/maven:3.9.9-amazoncorretto-21-alpine -> docker-hub.artifactory.globoi.com/azul/zulu-openjdk-alpine:21.0.9-21.46-jre-headless,"Cloud Storage (GCS), Feign Client (REST síncrono), Kafka, RestTemplate (REST síncrono)","web-order-tv-uploadfile, spring-boot-starter-parent, spring-boot-starter-web, spring-boot-devtools, spring-boot-starter-test, spring-boot-starter-validation, fixedformat4j, commons-logging, commons-fileupload, spring-boot-starter-thymeleaf, joda-time, commons-lang3",,,GET /api/v1/clientes/get-by-nm-instituicao/{nm} | GET /api/v1/clientes/getby_cpfcnpj/{cnpj} | GET /api/v1/clientes/get-enderecos-by-oi-cliente | GET /anunciante/empresas | GET /sigla?me_agencia={meAgencia} | GET /usuario | GET /usuario/{usuario} | POST /upload | POST /upload-teste | GET /unauthorized,Java 21 · Spring Boot 3.5.14,8888,"cliente, agencia",,main,23/06/2026 · Ana Carolina De Jesus Fonseca Cardoso · Merge branch 'merge/staging/refactor/pasac-4262-dockerfile-logback-standardization' into 'main',gitlab@gitlab.globoi.com:adtech/autosservico/adcore/apis/globo-ads/tvg-upload-tv
tvg-voucher,Java/Maven,37,1556,9,14,recebe requisição REST -> persiste em banco relacional,153.1 KB,API para criação de cupons de desconto do GloboSim.,docker-hub.artifactory.globoi.com/maven:3.9.9-amazoncorretto-21-alpine -> docker-hub.artifactory.globoi.com/azul/zulu-openjdk-alpine:21.0.9-21.46-jre-headless,Banco relacional (JDBC/JPA),"spring-boot-starter-parent, voucher, spring-boot-starter, spring-boot-starter-actuator, spring-boot-starter-data-jpa, spring-boot-starter-web, spring-boot-devtools, mysql-connector-j, springdoc-openapi-starter-webmvc-ui, lombok, spring-boot-starter-test, junit-vintage-engine",,,GET /cupom/validar | GET /simulacao/validar | POST /simulacao/cuponsutilizados | POST /simulacao/validar-politica | POST /simulacao/cuponsutilizados-elegibilidade | DELETE /simulacao/cuponsutilizados/{cupomUtilizadoId} | POST /simulacao/gera,Java 21 · Spring Boot 3.5.11,8888,,,merge/main/refactor/pasac-4262-dockerfile-standardization,17/07/2026 · Ana Carolina de Jesus · refactor(docker): standardize Dockerfile formatting and improve readability,https://gitlab.globoi.com/adtech/autosservico/adcore/apis/globo-sim/tvg-voucher
valida-compra-tv,Java/Maven,85,4774,11,53,recebe requisição REST -> consome Pub/Sub -> persiste em banco relacional -> chama API externa (Feign) -> chama API externa (RestTemplate) -> publica no Pub/Sub,38.4 MB,Validação do Mapa de Compra TV e geração de Código de Material.,maven:3.9.9-amazoncorretto-21-alpine -> azul/zulu-openjdk-alpine:21,"Banco relacional (JDBC/JPA), Feign Client (REST síncrono), Kafka, Pub/Sub (GCP), RestTemplate (REST síncrono)","valida-compra-tv, spring-boot-starter-parent, spring-cloud-dependencies, spring-cloud-gcp-dependencies, aws-java-sdk-bom, spring-boot-starter-web, spring-boot-starter-jdbc, spring-boot-starter-actuator, spring-boot-starter-validation, httpclient5, springdoc-openapi-starter-webmvc-ui, spring-boot-devtools",,,GET /canais-exibicao | GET /mercados | GET /ponto-venda | GET /local-exibicao | GET /local-exibicao/locais-exibicao | GET /mapa-compra/verificarDuplicidade,Java 21 · Spring Boot 3.5.5,8888,agencia,,main,11/02/2026 · Railson Da Silva Martins · Merge branch 'merge/main/feature/PASAC-3936-pubsub' into 'main',gitlab@gitlab.globoi.com:adtech/autosservico/adcore/apis/globo-ads/valida-compra-tv
vhagar,Java/Maven,30,974,3,10,recebe requisição REST -> consome Pub/Sub -> persiste em banco relacional -> chama API externa (Feign) -> publica no Pub/Sub,17.4 MB,> Serviço para realizar a integração com Salesforce,docker-hub.artifactory.globoi.com/maven:3.9.9-amazoncorretto-21-alpine -> docker-hub.artifactory.globoi.com/azul/zulu-openjdk-alpine:21.0.9-21.46-jre-headless,"Banco relacional (JDBC/JPA), Feign Client (REST síncrono), Pub/Sub (GCP)","spring-boot-starter-parent, vhagar, spring-boot-starter-actuator, spring-boot-starter-validation, spring-boot-starter-web, spring-cloud-starter-openfeign, spring-cloud-gcp-starter, spring-boot-starter-data-jpa, spring-cloud-gcp-starter-pubsub, spring-messaging, commons-lang3, spring-boot-devtools",,,POST /api/globoads/contact | PUT /users/{userId}/crm | PUT /companies/{companyId}/crm,Java 21 · Spring Boot 3.5.11,8888,"salesforceOnboardingClient, tvgOnboardingClient",,merge/main/refactor/pasac-4262-dockerfile-standardization,07/07/2026 · Ana Carolina de Jesus · chore: update Dockerfile to use cached tsuru.yaml from builder stage,gitlab@gitlab.globoi.com:adtech/autosservico/adcore/apis/ativacao/vhagar
video-integration,Java/Maven,229,11622,60,71,recebe requisição REST -> consome Kafka -> persiste em banco relacional -> usa cache Redis -> chama API externa (Feign) -> chama API externa (RestTemplate) -> publica no Kafka,17.9 MB,"API criada para integrar com Stayfilm. Responsável por gerar url pré assinada, armazenar url de imagens, controlar status de integração do preview a locução. Hoje usada para pegar status do gmid de videos recebidos de outros parceiros e não mais stayfilm.",docker-hub.artifactory.globoi.com/maven:3.9.9-amazoncorretto-21-alpine -> docker-hub.artifactory.globoi.com/azul/zulu-openjdk-alpine:21.0.9-21.46-jre-headless,"Banco relacional (JDBC/JPA), Feign Client (REST síncrono), Kafka, RestTemplate (REST síncrono)","spring-boot-starter-parent, video-integration, spring-cloud-dependencies, spring-boot-starter-actuator, spring-boot-starter-data-jpa, spring-boot-starter-web, spring-boot-starter-validation, spring-data-commons, querydsl-apt, querydsl-jpa, h2, hsqldb",,,GET /videodraft/{id} | PUT /videodraft/{id} | GET /videodraft/{videoDraftId}/preSignedUrl/{fileName} | POST /gmid/InformarAvaliacao | GET /gmid/preview/{videoId} | GET /gmid/{id} | POST /controle-gmid/player | GET /video-materials/video-request/{videoRequestId} | GET /precos/condecine/segmento/{tipoSegmento} | GET /precos/producao/{isCondecine} | GET /genres | GET /product_service/{idsubcategory} | GET /templates | GET /genres/{id} | POST /local/videorequests/{videoRequestId}/videorequestevents | GET /stayfilm/test-validator | GET /videorequests/{videoRequestId} | GET /videorequests/by-user | GET /videorequests | GET /videorequests/exhibitors | GET /videorequests/name/{companyName} | GET /videorequests/progress | GET /videorequests/{videoRequestId}/getNotify | POST /v2/videorequests | GET /genre | GET /rest/2.1/genre/template | GET /genre/template | GET /users/{username}/companies | GET /company-owner/{cnpj} | GET /v2/users/{username}/info | POST /oauth/token | GET /internal/materias/{transactionIdentifier} | GET /local/videos/{videoId} | POST /local/videos/gmid-status | GET /v3/ciam/users | GET /ponto-venda | GET /registro/contato/commercial-data | POST /ReceberMateriais | POST /ConfirmarTransmissao | PUT /materiais/enderecos | GET /ponto-venda-por-me-exibidora/{meExibidora},Java 21 · Spring Boot 3.5.11,8888,"staylfim, onboardClient, GmidAuthentication, videoManagerClient, PlayerIntegrationClient, TvgLoginClient, SimuladorClient, GmidClient, empresaClient, StayfilmAuthenticationClient",consome: ${kafka.topic.sinc.video.material.name},main,20/07/2026 · Abner Andrade · Merge branch 'merge/main/refactor/pasac-4262-dockerfile-standardization' into 'main',https://gitlab.globoi.com/adtech/autosservico/adcore/apis/globo-sim/video-integration
video-manager,Java/Maven,126,6472,25,20,recebe requisição REST -> consome Kafka -> persiste em banco relacional -> chama API externa (Feign) -> chama API externa (RestTemplate) -> publica no Kafka,21.1 MB,API criada na modularização do PME (antigo GloboSIM) para controlar pagamentos de videos criados por parceiros.,docker-hub.artifactory.globoi.com/maven:3.9.9-amazoncorretto-21-alpine -> docker-hub.artifactory.globoi.com/azul/zulu-openjdk-alpine:21.0.9-21.46-jre-headless,"Banco relacional (JDBC/JPA), Feign Client (REST síncrono), Kafka, RestTemplate (REST síncrono)","spring-boot-starter-parent, videomanager, spring-boot-starter, spring-boot-starter-actuator, spring-boot-starter-web, spring-boot-starter-data-jpa, spring-cloud-starter-openfeign, onboard-token-admin, mysql-connector-j, h2, spring-boot-devtools, tvg-pagamento-lib",,,GET /internal/materias/{transactionIdentifier} | GET /materias | GET /materias/{transactionIdentifier} | GET /materias/{transactionIdentifier}/abrangencia | POST /materias | PUT /materias/{transactionIdentifier} | GET /users/{username}/info | GET /users/query | GET /user-company/find | GET /users/{username}/companies | GET /company-owner/{cnpj} | GET /v2/users/{username}/info | GET /getby_cpfcnpj/{cnpj} | GET /get-cliente-by-cpfcnpj/{cnpj} | POST /createClient | GET /video-integration/preco-video/{tipoVideo}/{taxaCondecine} | GET /precos/condecine/segmento/{tipoSegmento} | POST /local/videorequests/{videoRequestId}/videorequestevents | POST /videorequests/{videoRequestId}/videorequestevents | GET /recipients/owners | POST /email | GET /sua-globo/municipio | GET /sua-globo/nome-estado,Java 21 · Spring Boot 3.5.10,8080,"onboardClient, clienteSiscomClient, contaClient, playerVideoIntegrationClient, videoClient, dashBoardClient, emailClient, simuladorMidiaClient","consome: ${kafka.topic.transaction.event.name}, ${kafka.topic.video.manage.event.name}",merge/main/refactor/pasac-4492-configure-logback,21/08/2026 · Ana Carolina de Jesus · feat(logging): update logback configuration and improve README for IDE log visibility,gitlab@gitlab.globoi.com:adtech/autosservico/adcore/apis/globo-sim/video-manager
video-uploader,Java/Maven,48,1879,5,78,recebe requisição REST -> chama API externa (Feign) -> chama API externa (RestTemplate) -> envia/lê arquivo (Cloud Storage),242.2 KB,API de upload e validação de videos de propriedade do usuário (não criado via plataforma globosim).,docker-hub.artifactory.globoi.com/maven:3.9.9-amazoncorretto-21-alpine -> docker-hub.artifactory.globoi.com/azul/zulu-openjdk-alpine:21.0.9-21.46-jre-headless,"Cloud Storage (GCS), Feign Client (REST síncrono), Kafka, MongoDB, RestTemplate (REST síncrono)","spring-boot-starter-parent, video-uploader, spring-boot-starter-actuator, spring-boot-starter-web, spring-cloud-starter-openfeign, lombok, spring-boot-starter-validation, spring-boot-devtools, h2, spring-boot-starter-oauth2-resource-server, modelmapper, spring-boot-starter-test",,,POST /v1/media-files | POST /v1/media-files/{videoName} | GET /v1/media-files/{idVideoUpload} | POST /,Java 21 · Spring Boot 3.5.14,8888,FunctionMediaInfoClient,,main,10/09/2026 · Ana Carolina De Jesus Fonseca Cardoso · Merge branch 'merge/main/refactor/pasac-4606-configure-logback' into 'main',https://gitlab.globoi.com/adtech/autosservico/adcore/apis/globo-sim/video-uploader
vitrine-search-api,Java/Maven,19,1187,10,148,recebe requisição REST -> consome Kafka -> usa cache Redis,17.6 MB,"API de busca da vitrine, sincroniza dados do banco para o Elastic Search.",docker-hub.artifactory.globoi.com/maven:3.9.9-amazoncorretto-21-alpine -> docker-hub.artifactory.globoi.com/azul/zulu-openjdk-alpine:21.0.9-21.46-jre-headless,"Elasticsearch, Kafka","spring-boot-starter-parent, vitrine-search-api, spring-boot-starter-actuator, elasticsearch-java, commons-logging, jackson-databind, jakarta.json-api, spring-boot-starter-data-elasticsearch, elasticsearch-rest-client, elasticsearch, aws-java-sdk-elasticsearch, s3",,,POST /scheduler/save-cards | DELETE /scheduler/remove-all-cards | GET /vitrine-search/healthcheck | GET /card | POST /card | PUT /card | DELETE /card,Java 21 · Spring Boot 3.5.15,8081,,consome: ${kafka.vitrine-search.topic.name},merge/main/refactor/pasac-4606-configure-logback,11/09/2026 · Ana Carolina de Jesus · refactor(logging): enhance logback configuration for local and production environments,gitlab@gitlab.globoi.com:adtech/autosservico/adcore/apis/globo-ads/vitrine-search-api
atlas-api,Node.js,65,1517,0,223,,960.2 KB,API Responsável por fornecer dados do ATLAS relacionados ao produto Adtech.,,Redis,"@opentelemetry/auto-instrumentations-node, @opentelemetry/exporter-trace-otlp-http, @opentelemetry/instrumentation, @opentelemetry/instrumentation-express, @opentelemetry/instrumentation-redis-4, @opentelemetry/resources, @opentelemetry/sdk-node, @opentelemetry/sdk-trace-node, @opentelemetry/semantic-conventions, @types/express, capitalize-pt-br, cors",,,,Node >=24 <25,,,,main,20/07/2026 · Denis Casado Aguilar · Merge branch 'work/feature/PASAC-4392' into 'main',gitlab@gitlab.globoi.com:adtech/autosservico/adcore/apis/atlas-api
cases-api,Node.js,42,1041,0,113,,792.3 KB,API responsible to providing cases data,,Redis,"@opentelemetry/auto-instrumentations-node, @opentelemetry/exporter-trace-otlp-http, @opentelemetry/instrumentation, @opentelemetry/instrumentation-redis, @opentelemetry/resources, @opentelemetry/sdk-node, @opentelemetry/sdk-trace-node, @opentelemetry/semantic-conventions, brace-expansion, cors, express, http-errors",,,,Node >=24.0.0 <25.0.0,,,,main,20/08/2026 · Abner Andrade · Merge branch 'merge/main/refactor/pasac-4378-renew-node-ts-lib' into 'main',gitlab@gitlab.globoi.com:adtech/autosservico/adcore/apis/cases-api
categories-api,Node.js,44,1074,0,146,,920.8 KB,Categories API é responsável por fornecer informações sobre categorias de conteúdo do produto AdTech.,,Redis,"@opentelemetry/auto-instrumentations-node, @opentelemetry/exporter-trace-otlp-http, @opentelemetry/instrumentation, @opentelemetry/instrumentation-express, @opentelemetry/instrumentation-redis, @opentelemetry/resources, @opentelemetry/sdk-node, @opentelemetry/sdk-trace-node, @opentelemetry/semantic-conventions, brace-expansion, cors, express",,,,Node >=24.0.0 <25.0.0,,,,main,01/09/2026 · Abner Andrade · Merge branch 'merge/main/refactor/pasac-4389-renew-node-ts-lib' into 'main',gitlab@gitlab.globoi.com:adtech/autosservico/adcore/apis/categories-api
insights-api,Node.js,38,911,0,81,,901.4 KB,"Insights API é um serviço que fornece dados e insights sobre o desempenho de aplicações e serviços, permitindo a análise e monitoramento de métricas relevantes para a tomada de decisões informadas.",,Redis,"@opentelemetry/auto-instrumentations-node, @opentelemetry/exporter-trace-otlp-http, @opentelemetry/instrumentation, @opentelemetry/instrumentation-express, @opentelemetry/instrumentation-redis, @opentelemetry/resources, @opentelemetry/sdk-node, @opentelemetry/sdk-trace-node, @opentelemetry/semantic-conventions, cors, express, http-errors",,,,Node >=24.0.0 <25.0.0,,,,main,01/09/2026 · Abner Andrade · Merge branch 'merge/main/refactor/pasac-4389-renew-node-ts-lib' into 'main',gitlab@gitlab.globoi.com:adtech/autosservico/adcore/apis/insights-api
job-tsuru-boilerplate,Node.js,3,162,0,0,,396.4 KB,<breve_descricao_do_job>,node:24-slim,,"@opentelemetry/core, express, http-errors, oh-my-job-tsuru, @jest/globals, @types/express, @types/jest, @types/node, @typescript-eslint/eslint-plugin, @typescript-eslint/parser, dotenv, eslint",,,,Node >=24.0.0 <25.0.0,8888,,,merge/main/refactor/pasac-4623-renew-node-ts-lib,02/10/2026 · Ana Carolina de Jesus · Update dependencies and remove unused packages,https://gitlab.com/globo/vs-monetizar/adtech/globoads/estruturar/jobs/job-tsuru-boilerplate
media-kit-api,Node.js,46,1037,0,120,,888.5 KB,API responsible for providing Media Kit data,,Redis,"@opentelemetry/auto-instrumentations-node, @opentelemetry/exporter-trace-otlp-http, @opentelemetry/instrumentation, @opentelemetry/instrumentation-redis-4, @opentelemetry/resources, @opentelemetry/sdk-node, @opentelemetry/sdk-trace-node, @opentelemetry/semantic-conventions, cors, express, http-errors, js-yaml",,,,Node ^20.18.3,,,,main,07/08/2026 · Lucas Soares Nogueira · Merge branch 'work/hotfix/full-vertical-size' into 'main',gitlab@gitlab.globoi.com:adtech/autosservico/adcore/apis/media-kit-api
oh-my-job-tsuru,Node.js,113,2219,0,67,,534.3 KB,**oh-my-job-tsuru** é uma biblioteca desenvolvida para simplificar a criação de jobs no [Tsuru](https://tsuru.io/). A biblioteca busca um arquivo chamado `job.json` na raiz do projeto que a utiliza e executa os jobs conforme suas configurações.,,,"@opentelemetry/core, @sentry/node, dotenv, http-errors, loglevel, @jest/globals, @types/http-errors, @types/jest, @types/node, @typescript-eslint/eslint-plugin, @typescript-eslint/parser, eslint",,,,Node >=24.0.0 <25.0.0,,,,merge/main/refactor/pasac-4623-renew-node-ts-lib,06/10/2026 · Ana Carolina de Jesus · Update npm registry URL in package.json,https://gitlab.com/globo/vs-monetizar/adtech/globoads/estruturar/public/oh-my-job-tsuru
search-api,Node.js,93,3015,0,225,,979.6 KB,Search API é responsável por fornecer dados de busca.,,Redis,"@opentelemetry/auto-instrumentations-node, @opentelemetry/exporter-trace-otlp-http, @opentelemetry/instrumentation, @opentelemetry/instrumentation-express, @opentelemetry/instrumentation-redis, @opentelemetry/resources, @opentelemetry/sdk-node, @opentelemetry/sdk-trace-node, @opentelemetry/semantic-conventions, cors, jest, express",,,,Node >=24.0.0 <25.0.0,,,,merge/main/refactor/pasac-4623-renew-node-ts-lib,28/09/2026 · Ana Carolina de Jesus · refactor: improve object field access and assignment using Reflect API,gitlab@gitlab.globoi.com:adtech/autosservico/adcore/apis/search-api
videos-api,Node.js,44,1063,0,124,,819.2 KB,API responsible for providing video data,,Redis,"@opentelemetry/auto-instrumentations-node, @opentelemetry/exporter-trace-otlp-http, @opentelemetry/instrumentation, @opentelemetry/instrumentation-express, @opentelemetry/instrumentation-redis, @opentelemetry/resources, @opentelemetry/sdk-node, @opentelemetry/sdk-trace-node, @opentelemetry/semantic-conventions, brace-expansion, cors, express",,,,Node >=24.0.0 <25.0.0,,,,merge/main/refactor/pasac-4389-renew-node-ts-lib,04/09/2026 · Ana Carolina de Jesus · refactor: update package-lock.json to latest dependency versions,gitlab@gitlab.globoi.com:adtech/autosservico/adcore/apis/videos-api
tvg-programa,Python,21,1521,0,0,,83.9 KB,Microsserviço que entrega dados relacionados aos programas e grade de conteúdo dos canais da emissora. (base replicada SIS.COM),--platform=linux/amd64,,"jinja2, itsdangerous, Authlib, cryptography, dateutils, Flask, flask-deprecate, Flask-Migrate, flask-restx, Flask-Script, Flask-SQLAlchemy, gunicorn",,,,,8888,,,develop,30/07/2026 · Abner Andrade · Merge branch 'merge/develop/refactor/pasac-4436-rota-admin-exibidora' into 'develop',gitlab@gitlab.globoi.com:adtech/autosservico/adcore/apis/globo-ads/tvg-programa
curadoria-vitrine,Node.js,122,6050,0,19,,5.8 MB,This project was generated with [Angular CLI](https://github.com/angular/angular-cli) version 10.0.3.,,,"@angular/animations, @angular/cdk, @angular/common, @angular/compiler, @angular/core, @angular/forms, @angular/material, @angular/material-moment-adapter, @angular/platform-browser, @angular/platform-browser-dynamic, @angular/router, clear-cache",,,,,,,,master,28/04/2023 · Anderson S Barreiro · Merge branch 'feature-debounce-time-for-search-bar' into 'master',gitlab@gitlab.globoi.com:adtech/autosservico/adcore/apis/globo-ads/curadoria-vitrine
portal-negocios-frontend,Node.js,289,12919,0,96,,4.9 MB,Portal de Negócios Frontend built using Next.js framework.,docker.artifactory.globoi.com/tsuru/plat-nodejs:4.0-main -> docker-hub.artifactory.globoi.com/node:22,Axios (REST),"@adtech/offerwise-dashboard, @adtech/ui-kit, @amplitude/experiment-node-server, @amplitude/unified, @floating-ui/react, @globocom/clappr-detach-plugin, @hookform/resolvers, @next/third-parties, @sentry/nextjs, @tanstack/react-table, axios, clsx",,,,Node 22.14.0,8888,,,master,02/06/2026 · Lucas Soares Nogueira · Merge branch 'release/portal/Q2-S4' into 'master',gitlab@gitlab.globoi.com:adtech/autosservico/globo-ads/portal-negocios-frontend
aq-connector,Java/Maven,14,467,0,43,publica no Kafka -> publica no Pub/Sub,17.5 MB,Uma biblioteca Spring Boot para conectar com filas de mensagens.,maven:3.9.9-amazoncorretto-21-alpine -> azul/zulu-openjdk-alpine:21,"Kafka, Pub/Sub (GCP), Redis","spring-boot-starter-parent, aq-connector, spring-boot-starter, spring-boot-autoconfigure, spring-kafka, oracle-spring-boot-starter-aqjms, ojdbc11, spring-boot-starter-jdbc, spring-boot-starter-test, spring-cloud-gcp-starter-pubsub, jacoco-maven-plugin, maven-compiler-plugin",,,,Java 21 · Spring Boot 3.5.6,8888,,,main,02/10/2025 · Railson Da Silva Martins · Update Dockerfile,gitlab@gitlab.globoi.com:adtech/autosservico/adcore/libraries/aq-connector
globoads-currentuser,Java/Maven,17,716,0,25,chama API externa (RestTemplate),45.4 KB,Spring Boot Starter para gerenciamento e injeção automática de informações do usuário atual no contexto da aplicação.,,RestTemplate (REST síncrono),"globoads-currentuser, spring-boot-dependencies, spring-boot-starter, spring-boot-starter-web, spring-boot-configuration-processor, lombok, jackson-databind, spring-boot-starter-test, maven-compiler-plugin, maven-source-plugin, maven-javadoc-plugin",,,,Java 1.8,,,,main,15/05/2026 · Luiz Wagner Neto Azevedo · Merge branch 'feat/PASAT-5620' into 'main',gitlab@gitlab.globoi.com:adtech/autosservico/adcore/libraries/globoads-currentuser
node-core-libs,Node.js,222,5674,4,2078,recebe requisição REST -> usa cache Redis,1.4 MB,"A `node-core-libs` é a biblioteca base utilizada para construção de APIs e BFFs Node.js no ecossistema GloboAds. O projeto surgiu como um fork da [node-api-libs](https://gitlab.globoi.com/globoplay/node-api-libs), originalmente mantida pelo time Globoplay, com o objetivo de fornecer maior autonomia, governança e evolução sustentável para as aplicações GloboAds.",,Redis,"basic-authorization-header, context-level-logger, dataloader, express, http-cache-semantics, http-errors, http-status-codes, ioredis, lodash.merge, lru-cache, morgan, node-fetch",,,GET /metrics | GET /healthcheck,Node >=24.0.0 <25.0.0,,,,main,26/06/2026 · Abner Andrade · Merge branch 'merge/main/refactor/pasac-4409-node-24' into 'main',gitlab@gitlab.globoi.com:adtech/autosservico/adcore/libraries/node-core-libs
tvg-pagamento-lib,Java/Maven,46,1407,0,18,,79.8 KB,"Biblioteca Java (Spring Boot parent) para centralizar a criação e o envio de pedidos e transações de pagamento para a API de Pagamentos da Globo. Ela padroniza a montagem dos objetos principais do fluxo (pedido → transação → cobrança), aplica regras de negócio (descontos, juros, validações) e abstrai as chamadas HTTP para diferentes meios de pagamento (cartão de crédito, boleto e PIX).",,,"spring-boot-starter-parent, tvg-pagamento-lib, jackson-bom, jackson-core, jackson-datatype-jsr310, log4j-api, log4j-core, lombok, junit-jupiter, mockito-core, mockito-junit-jupiter, maven-source-plugin",,,,Java 11 · Spring Boot 2.7.4,,,,master,01/09/2025 · Djeymisson Moraes · fix: specify log4j-core version in pom.xml,gitlab@gitlab.globoi.com:adtech/autosservico/adcore/apis/globo-sim/tvg-pagamento-lib
digital-api,Java/Maven,386,18263,108,138,recebe requisição REST -> consome Kafka -> persiste em banco relacional -> usa cache Redis -> chama API externa (Feign) -> chama API externa (RestTemplate) -> publica no Kafka -> publica no Pub/Sub,28.7 MB,"API de ""Digital"" do GloboSim. Esta aplicação é a API responsável por tudo que é relacionado a anúncios nas plataformas digitais da TV Globo. Nesse contexto, o usuário consegue enviar seus materiais criativos e ter sua marca em nossos portais.",docker-hub.artifactory.globoi.com/maven:3.9.9-amazoncorretto-21-alpine -> docker-hub.artifactory.globoi.com/azul/zulu-openjdk-alpine:21.0.9-21.46-jre-headless,"Banco relacional (JDBC/JPA), Feign Client (REST síncrono), Kafka, Pub/Sub (GCP), RestTemplate (REST síncrono)","digital-api, spring-boot-starter-parent, spring-boot-starter, spring-boot-starter-actuator, spring-boot-devtools, spring-boot-starter-web, spring-boot-starter-data-jpa, mysql-connector-j, spring-kafka, lz4-java, spring-cloud-starter-openfeign, onboard-token-admin",,,POST /scheduler/ajuste-anuncio | POST /scheduler/inicio-anuncio | GET /target/localidades | GET /target/faixas-etarias | POST /target/publico | POST /target/impressoes/impactos | POST /rotinas/inicio-conclusao | POST /rotinas/troca-data-inicio | POST /rotinas/funcionamento-facil | PUT /avaliacao-url-campanha | GET /avaliacao-url-campanha/motivos | GET /avaliacao-url-campanha/{token} | GET /target/interesses | POST /campanhas | GET /campanhas/{id} | PUT /campanhas/remove-criativo/{idCampanha}/{idCriativo}/{idTipoExibicao} | PUT /campanhas/substituicao-criativo | PUT /campanhas/atualiza-link/{id} | PUT /campanhas/{id} | GET /campanhas/status/{status} | POST /campanhas/{campanhaId}/pagar | POST /campanhas/v2/{campanhaId}/pagar | POST /campanhas/rotina/andamento | POST /campanhas/rotina/extensao | GET /campanhas/{campanhaId}/cupom | POST /campanhas/{campanhaId}/cupom/{codigoCupom} | DELETE /campanhas/{campanhaId}/cupom/{codigoCupom} | PUT /campanhas/{campanhaId}/url | POST /campanhas/{campanhaId}/estender | POST /campanhas/associar-criativos | POST /campanhas/{campanhaId}/estornar | PATCH /campanhas/{id} | DELETE /campanhas/{id} | GET /campanhas/15dfm | POST /criativos | POST /criativos/ativar | POST /criativos/desativar | POST /criativos/rotina/criativos | PUT /criativos/controle-notificacao/desativar | GET /criativos/campanhas-associadas/{idCriativo} | GET /clientes/encarteirado | GET /tipo-exibicao | GET /formatos | GET /target/sexos | GET /internal/retry/order-request/{externalId} | GET /internal/retry/sf-account-request/{username}/{cnpj}/{campaignId} | GET /internal/retry/email-opec/{campaignId} | POST /internal/retry/retry-retained-orders/{cnpj} | PUT /v2/campanhas/{id} | GET /v2/target/all | GET /v2/target/gender | GET /v2/target/interest | GET /v2/target/location | GET /v2/target/age-range | GET /v2/digital/pme/campaigns/{orderId} | GET /v2/digital/pme/indicators/{orderId} | GET /v2/digital/pme/category/{orderId} | GET /pme | POST /id | GET /users/{username}/info | GET /users/{username} | GET /users/query | GET /users/{username}/companies | GET /company-owner/{document} | GET /v2/users/{username}/info | POST /request | GET /users | POST /v1/transaction | POST /v1/transaction/boleto | POST /v1/transaction/pix | POST /v2/transaction/{transactionId}/refund/{amount} | GET /recipients/owners | GET /gsim/v1.0/impact | GET /gsim/v1.0/impact/users | POST /email | POST /order-process/async | POST /token | POST /activate-creative | POST /deactivate-creative | GET /orders/name | GET /orders/{id} | GET /cupom/validar | POST /simulacao/cuponsutilizados | DELETE /simulacao/cuponsutilizados/{cupomUtilizadoId} | GET /v2/balance-control?accountId={idExterno}&businessType={type}&showOverflow=false&showExpired=false | GET /v2/balance-control/by-id | GET /getby_cpfcnpj/{cnpj} | GET /get-cliente-by-cpfcnpj/{cnpj} | POST /createClient | GET /contact,Java 21 · Spring Boot 3.5.14,8888,"adManagerClient, segmentsClient, senderFormatoDisplay, onboardClient, PaymentServiceClient, ciamClient, pagamentoClient, dashBoardClient, targetClient, emailClient, operativeOneClient, tokenClient, OrderDigitalManagerClient, cupomClient, saldoContratoSF, clienteSiscomClient, contaClient","consome: ${kafka.topic.name.transaction-event}, ${kafka.topic.retorno.operative.name}, ${kafka.topic.estorno.pagamento.name}, ${kafka.topic.estorno.pagamento.retry.name}",main,06/10/2026 · matheus.vrodrigues · Update pipeline migracao,https://gitlab.com/globo/vs-monetizar/adtech/globoads/comprar/digital/backend/digital-api
globoads-digital-api,Java/Maven,408,24666,108,1202,recebe requisição REST -> consome Kafka -> persiste em banco relacional -> chama API externa (Feign) -> envia/lê arquivo (Cloud Storage) -> publica no Kafka -> publica no Pub/Sub,43.0 MB,Microsserviço que registra pedidos de compra digital do Globoads. Também preparada para salvar compras de TV em situações futuras.,docker-hub.artifactory.globoi.com/maven:3.9.9-amazoncorretto-21-alpine -> docker-hub.artifactory.globoi.com/azul/zulu-openjdk-alpine:21.0.9-21.46-jre-headless,"Banco relacional (JDBC/JPA), Cloud Storage (GCS), Feign Client (REST síncrono), Kafka, Pub/Sub (GCP), Redis","spring-boot-starter-parent, globoads-digital-api, spring-boot-starter-actuator, spring-boot-starter-web, mapstruct, spring-boot-devtools, spring-boot-starter-data-jpa, springdoc-openapi-starter-webmvc-ui, mysql-connector-j, lombok, spring-boot-starter-test, spring-cloud-starter-openfeign",,,POST /ad-group | GET /ad-group/{adGroupId} | PATCH /ad-group/{adGroupId} | DELETE /ad-group/{adGroupId} | GET /v2/orders/{orderId}/grouped | GET /v2/orders/{orderId}/summary | GET /v2/orders | POST /v2/orders/verify-gex | POST /impressions/clusters | GET /impressions/clusters | DELETE /impressions/clusters/{referenceId} | GET /impressions/targets | GET /api/tags/search | POST /api/tags | DELETE /api/tags/{id} | POST /impressions/orders/checkout | GET /impressions/orders/checkout/{checkoutCode} | GET /impressions/orders | POST /impressions/orders/validate-reference | POST /impressions/orders/retry/{checkoutCode} | POST /price | POST /v2/package | GET /v2/package | GET /v2/package/{packageId} | POST /jobs/update-campaign-status | POST /jobs/daily-update-unavailable-inventory-status | GET /package | GET /package/{packageId} | POST /package | PUT /package/{packageId} | GET /package/{packageId}/creatives | GET /package/creatives/{packageId}/{lineOrderId} | POST /package/loose | GET /campaigns/{id} | GET /campaigns | PATCH /campaigns/{id} | GET /impressions/products | GET /impressions/products/objective/{objectiveCode} | POST /creatives/associate | POST /creatives/associates/loose | GET /creatives/{requestId}/associates | POST /amplified-commercial/orders/create-manual | POST /amplified-commercial/orders/retry/{checkoutCodeOrOiRp} | GET /amplified-commercial/orders/by-oi-rp/{oiRp} | POST /orders | GET /orders/{orderId} | GET /orders/{orderId}/grouped | GET /orders | POST /orders/{orderId}/gex | GET /objectives | POST /external/impressions/clusters | GET /external/impressions/clusters | DELETE /external/impressions/clusters/{referenceId} | POST /external/impressions/orders/checkout | GET /external/no-user-auth/impressions/products | GET /external/no-user-auth/impressions/products/objective/{objectiveCode} | GET /external/objectives | GET /external/impressions/targets | GET /products | GET /products/{format} | POST /order-process | GET /order-process/target/{targetId} | GET /order-process/{orderId} | GET /v2/digital/pme/campaigns/{orderId} | GET /v2/digital/pme/indicators/{orderId} | GET /mapa-compra-gex/feriados | GET /api/v1/usuario | GET /api/v1/clientes-credenciados/{usuario_agencia} | GET /v2/users/tokeninfo | POST /operative-adapter/order-process/async | GET /operative-adapter/order/{salesOrderId} | POST /token | GET /v2/creatives/{id} | POST /email | GET /products/by-price-type?tipoPreco=CPM | POST /v2/order-daily-rate-request | GET /order-daily-rate-request/by-client-cnpj/{cnpjClient} | GET /order-daily-rate-request/by-client-and-agency-cnpj/{cnpjClient}/{cnpjAgency} | POST /protocol/openid-connect/token | POST /ticket/gerar-ticket | POST /criativo/associar-criativo-metadados | GET /api/v1/clientes/getby_cpfcnpj/{cnpj} | GET /api/v1/clientes/getby_crm_id/{crmId} | GET /api/v1/clientes/anunciante/empresas,Java 21 · Spring Boot 3.5.14,${PORT:8888},"operativeOneClient, GloboPulsoClient, compra-gads, AgencyClient, onboardClient, operativeAdapterClient, operativeAdapterTokenClient, CreativeSenderClient, emailClient, IntegrationLayerCatalogClient, ILayerOrderServiceClient, keycloakClientSecretAuthClient, facilClient, facilAuthenticationClient, cliente","consome: ${kafka.topic.impression.order.received.dlt}, impressionKafkaListenerContainerFactory, ${kafka.topic.amplified-commercial.order.received.dlt}, ${kafka.topic.amplified-commercial.reserved-tv.dlt}, amplifiedCommercialKafkaListenerContainerFactory, ${kafka.topic.operative.order.return}, orderOperativeConsumerFactory, ${kafka.topic.amplified-commercial.order.received}, ${kafka.topic.amplified-commercial.reserved-tv}, ${kafka.topic.order.service.return}, ${kafka.topic.impression.order.received}",main,05/10/2026 · Danielle Schmitt Franca · Merge branch 'fix/ADST-1627-remove-orders-nao-ativas-galeria' into 'main',gitlab@gitlab.globoi.com:adtech/autosservico/adcore/apis/globo-ads/globoads-digital-api
